case,variant,pass_id,iterations,warm,ns_per_op,fixture,utc,go_crossread
ingest_append1,go,1,188,32,658217.7393617021,head,2026-10-08T15:27:14.700741+00:00,6373a511df1bdd02
ingest_append1,rust_previous,1,188,32,473102.0,head,2026-10-08T15:27:14.821001+00:00,6373a511df1bdd02
ingest_append1,rust_control,1,188,32,395713.92553191487,head,2026-10-08T15:27:14.925572+00:00,6373a511df1bdd02
ingest_append1,rust_new,1,188,32,467933.62765957444,head,2026-10-08T15:27:15.044857+00:00,6373a511df1bdd02
ingest_append1,rayon2,1,188,32,341639.47340425535,head,2026-10-08T15:27:15.136517+00:00,6373a511df1bdd02
ingest_append1,rust_lto,1,188,32,445165.0691489362,head,2026-10-08T15:27:15.249650+00:00,6373a511df1bdd02
ingest_append1,rust_native,1,188,32,422770.9840425532,head,2026-10-08T15:27:15.361099+00:00,6373a511df1bdd02
ingest_append1,rust_pgo,1,188,32,339993.41489361704,head,2026-10-08T15:27:15.453419+00:00,6373a511df1bdd02
ingest_append1,pgo_rayon2,1,188,32,351792.0691489362,head,2026-10-08T15:27:15.545626+00:00,6373a511df1bdd02
ingest_replace1,rust_previous,1,213,32,658501.8122065727,head,2026-10-08T15:27:15.723156+00:00,f41c14909290570b
ingest_replace1,rust_control,1,213,32,558619.2300469483,head,2026-10-08T15:27:15.887907+00:00,f41c14909290570b
ingest_replace1,rust_new,1,213,32,609619.4600938967,head,2026-10-08T15:27:16.054003+00:00,f41c14909290570b
ingest_replace1,rayon2,1,213,32,490427.6666666667,head,2026-10-08T15:27:16.190364+00:00,f41c14909290570b
ingest_replace1,rust_lto,1,213,32,595982.4507042253,head,2026-10-08T15:27:16.359482+00:00,f41c14909290570b
ingest_replace1,rust_native,1,213,32,586873.2816901408,head,2026-10-08T15:27:16.530426+00:00,f41c14909290570b
ingest_replace1,rust_pgo,1,213,32,540025.7276995305,head,2026-10-08T15:27:16.677732+00:00,f41c14909290570b
ingest_replace1,pgo_rayon2,1,213,32,651858.5070422535,head,2026-10-08T15:27:16.850495+00:00,f41c14909290570b
ingest_replace1,go,1,213,32,1040642.7699530517,head,2026-10-08T15:27:17.121760+00:00,f41c14909290570b
ingest_scrape100,rust_control,1,50,32,3300556.96,scrape,2026-10-08T15:27:17.352892+00:00,24b09eda68730c72
ingest_scrape100,rust_new,1,50,32,2693907.46,scrape,2026-10-08T15:27:17.575270+00:00,24b09eda68730c72
ingest_scrape100,rayon2,1,50,32,3888229.48,scrape,2026-10-08T15:27:17.846535+00:00,24b09eda68730c72
ingest_scrape100,rust_lto,1,50,32,3198464.24,scrape,2026-10-08T15:27:18.127843+00:00,24b09eda68730c72
ingest_scrape100,rust_native,1,50,32,3247260.98,scrape,2026-10-08T15:27:18.387034+00:00,24b09eda68730c72
ingest_scrape100,rust_pgo,1,50,32,2759516.58,scrape,2026-10-08T15:27:18.621225+00:00,24b09eda68730c72
ingest_scrape100,pgo_rayon2,1,50,32,2848236.7,scrape,2026-10-08T15:27:18.828329+00:00,24b09eda68730c72
ingest_scrape100,only_bits,1,50,32,2802474.96,scrape,2026-10-08T15:27:19.040420+00:00,24b09eda68730c72
ingest_scrape100,only_buffers,1,50,32,2959197.62,scrape,2026-10-08T15:27:19.255073+00:00,24b09eda68730c72
ingest_scrape100,only_fused,1,50,32,2767501.78,scrape,2026-10-08T15:27:19.464861+00:00,24b09eda68730c72
ingest_scrape100,only_specialized,1,50,32,2723661.2,scrape,2026-10-08T15:27:19.670468+00:00,24b09eda68730c72
ingest_scrape100,go,1,50,32,6447870.96,scrape,2026-10-08T15:27:20.127263+00:00,24b09eda68730c72
ingest_scrape100,rust_previous,1,50,32,2759164.72,scrape,2026-10-08T15:27:20.329844+00:00,24b09eda68730c72
ingest_register8,rust_new,1,16,32,931019.8125,empty,2026-10-08T15:27:20.418278+00:00,9606a1bf2d6d67f0
ingest_register8,rayon2,1,16,32,951075.125,empty,2026-10-08T15:27:20.496483+00:00,9606a1bf2d6d67f0
ingest_register8,rust_lto,1,16,32,1092189.625,empty,2026-10-08T15:27:20.574833+00:00,9606a1bf2d6d67f0
ingest_register8,rust_native,1,16,32,1378770.0625,empty,2026-10-08T15:27:20.647838+00:00,9606a1bf2d6d67f0
ingest_register8,rust_pgo,1,16,32,921685.375,empty,2026-10-08T15:27:20.716908+00:00,9606a1bf2d6d67f0
ingest_register8,pgo_rayon2,1,16,32,908129.6875,empty,2026-10-08T15:27:20.790558+00:00,9606a1bf2d6d67f0
ingest_register8,go,1,16,32,1678970.3125,empty,2026-10-08T15:27:20.909688+00:00,9606a1bf2d6d67f0
ingest_register8,rust_previous,1,16,32,973455.1875,empty,2026-10-08T15:27:20.995766+00:00,9606a1bf2d6d67f0
ingest_register8,rust_control,1,16,32,993397.8125,empty,2026-10-08T15:27:21.077557+00:00,9606a1bf2d6d67f0
ingest_shuffled240,rayon2,1,197,32,716588.0558375635,head,2026-10-08T15:27:21.266266+00:00,efb2082861ccb83e
ingest_shuffled240,rust_lto,1,197,32,586510.9949238579,head,2026-10-08T15:27:21.413158+00:00,efb2082861ccb83e
ingest_shuffled240,rust_native,1,197,32,573273.5786802031,head,2026-10-08T15:27:21.557761+00:00,efb2082861ccb83e
ingest_shuffled240,rust_pgo,1,197,32,555198.1218274111,head,2026-10-08T15:27:21.709682+00:00,efb2082861ccb83e
ingest_shuffled240,pgo_rayon2,1,197,32,552828.8680203046,head,2026-10-08T15:27:21.852536+00:00,efb2082861ccb83e
ingest_shuffled240,go,1,197,32,1044750.2994923858,head,2026-10-08T15:27:22.104672+00:00,efb2082861ccb83e
ingest_shuffled240,rust_previous,1,197,32,690791.5736040609,head,2026-10-08T15:27:22.282252+00:00,efb2082861ccb83e
ingest_shuffled240,rust_control,1,197,32,605258.4873096447,head,2026-10-08T15:27:22.439353+00:00,efb2082861ccb83e
ingest_shuffled240,rust_new,1,197,32,564138.2284263959,head,2026-10-08T15:27:22.582813+00:00,efb2082861ccb83e
ingest_duplicates240,rust_lto,1,212,32,1083193.2877358492,head,2026-10-08T15:27:22.843294+00:00,d366c1eb0f75a0db
ingest_duplicates240,rust_native,1,212,32,608520.0047169811,head,2026-10-08T15:27:23.005561+00:00,d366c1eb0f75a0db
ingest_duplicates240,rust_pgo,1,212,32,642232.716981132,head,2026-10-08T15:27:23.175042+00:00,d366c1eb0f75a0db
ingest_duplicates240,pgo_rayon2,1,212,32,529153.6745283019,head,2026-10-08T15:27:23.315198+00:00,d366c1eb0f75a0db
ingest_duplicates240,go,1,212,32,951969.0990566037,head,2026-10-08T15:27:23.570867+00:00,d366c1eb0f75a0db
ingest_duplicates240,rust_previous,1,212,32,606391.7452830189,head,2026-10-08T15:27:23.730777+00:00,d366c1eb0f75a0db
ingest_duplicates240,rust_control,1,212,32,593975.0613207547,head,2026-10-08T15:27:23.887753+00:00,d366c1eb0f75a0db
ingest_duplicates240,rust_new,1,212,32,545126.6981132076,head,2026-10-08T15:27:24.036535+00:00,d366c1eb0f75a0db
ingest_duplicates240,rayon2,1,212,32,452669.9009433962,head,2026-10-08T15:27:24.161383+00:00,d366c1eb0f75a0db
maintain_ready,rust_native,1,1,0,31336922.0,ready,2026-10-08T15:27:24.208938+00:00,ee90eb1b8289f431
maintain_ready,rust_pgo,1,1,0,29059070.0,ready,2026-10-08T15:27:24.255119+00:00,ee90eb1b8289f431
maintain_ready,pgo_rayon2,1,1,0,30751791.0,ready,2026-10-08T15:27:24.308697+00:00,ee90eb1b8289f431
maintain_ready,only_bits,1,1,0,41412810.0,ready,2026-10-08T15:27:24.371205+00:00,ee90eb1b8289f431
maintain_ready,only_buffers,1,1,0,37818730.0,ready,2026-10-08T15:27:24.431919+00:00,ee90eb1b8289f431
maintain_ready,only_fused,1,1,0,43843814.0,ready,2026-10-08T15:27:24.499682+00:00,ee90eb1b8289f431
maintain_ready,only_specialized,1,1,0,35864223.0,ready,2026-10-08T15:27:24.560165+00:00,ee90eb1b8289f431
maintain_ready,go,1,1,0,155623111,ready,2026-10-08T15:27:24.776357+00:00,ee90eb1b8289f431
maintain_ready,rust_previous,1,1,0,146461547.0,ready,2026-10-08T15:27:24.940129+00:00,ee90eb1b8289f431
maintain_ready,rust_control,1,1,0,32987986.0,ready,2026-10-08T15:27:24.993841+00:00,ee90eb1b8289f431
maintain_ready,rust_new,1,1,0,35759978.0,ready,2026-10-08T15:27:25.046544+00:00,ee90eb1b8289f431
maintain_ready,rayon2,1,1,0,32037129.0,ready,2026-10-08T15:27:25.096100+00:00,ee90eb1b8289f431
maintain_ready,rust_lto,1,1,0,46816322.0,ready,2026-10-08T15:27:25.163794+00:00,ee90eb1b8289f431
expire_all,rust_pgo,1,1,0,11153578.0,sealed,2026-10-08T15:27:25.183591+00:00,a8c7f832281a39c5
expire_all,pgo_rayon2,1,1,0,10867315.0,sealed,2026-10-08T15:27:25.202561+00:00,a8c7f832281a39c5
expire_all,go,1,1,0,16902318,sealed,2026-10-08T15:27:25.230142+00:00,a8c7f832281a39c5
expire_all,rust_previous,1,1,0,10235290.0,sealed,2026-10-08T15:27:25.248341+00:00,a8c7f832281a39c5
expire_all,rust_control,1,1,0,11141831.0,sealed,2026-10-08T15:27:25.268508+00:00,a8c7f832281a39c5
expire_all,rust_new,1,1,0,9930789.0,sealed,2026-10-08T15:27:25.286411+00:00,a8c7f832281a39c5
expire_all,rayon2,1,1,0,13012836.0,sealed,2026-10-08T15:27:25.308298+00:00,a8c7f832281a39c5
expire_all,rust_lto,1,1,0,14474103.0,sealed,2026-10-08T15:27:25.332170+00:00,a8c7f832281a39c5
expire_all,rust_native,1,1,0,9726806.0,sealed,2026-10-08T15:27:25.349596+00:00,a8c7f832281a39c5
read_head_point,pgo_rayon2,1,7320,32,14174.557513661202,head,2026-10-08T15:27:25.457951+00:00,
read_head_point,go,1,7320,32,52456.144262295085,head,2026-10-08T15:27:25.851856+00:00,
read_head_point,rust_previous,1,7320,32,16821.50942622951,head,2026-10-08T15:27:25.979388+00:00,
read_head_point,rust_control,1,7320,32,17742.44781420765,head,2026-10-08T15:27:26.114120+00:00,
read_head_point,rust_new,1,7320,32,15332.793715846994,head,2026-10-08T15:27:26.230953+00:00,
read_head_point,rayon2,1,7320,32,15214.715983606557,head,2026-10-08T15:27:26.347382+00:00,
read_head_point,rust_lto,1,7320,32,15528.231284153006,head,2026-10-08T15:27:26.466724+00:00,
read_head_point,rust_native,1,7320,32,15267.752049180328,head,2026-10-08T15:27:26.583113+00:00,
read_head_point,rust_pgo,1,7320,32,14113.809153005464,head,2026-10-08T15:27:26.690989+00:00,
read_head_full8,only_bits,1,332,32,334611.5813253012,head,2026-10-08T15:27:26.816810+00:00,
read_head_full8,only_buffers,1,332,32,351652.3493975904,head,2026-10-08T15:27:26.948937+00:00,
read_head_full8,only_fused,1,332,32,360879.8012048193,head,2026-10-08T15:27:27.083871+00:00,
read_head_full8,only_specialized,1,332,32,380436.5753012048,head,2026-10-08T15:27:27.225762+00:00,
read_head_full8,go,1,332,32,922320.626506024,head,2026-10-08T15:27:27.566972+00:00,
read_head_full8,rust_previous,1,332,32,355798.5391566265,head,2026-10-08T15:27:27.701370+00:00,
read_head_full8,rust_control,1,332,32,367397.515060241,head,2026-10-08T15:27:27.840290+00:00,
read_head_full8,rust_new,1,332,32,324339.8704819277,head,2026-10-08T15:27:27.962352+00:00,
read_head_full8,rayon2,1,332,32,290181.6626506024,head,2026-10-08T15:27:28.071176+00:00,
read_head_full8,rust_lto,1,332,32,301684.4698795181,head,2026-10-08T15:27:28.185604+00:00,
read_head_full8,rust_native,1,332,32,291540.2409638554,head,2026-10-08T15:27:28.296117+00:00,
read_head_full8,rust_pgo,1,332,32,251617.38554216866,head,2026-10-08T15:27:28.391800+00:00,
read_head_full8,pgo_rayon2,1,332,32,250188.21987951806,head,2026-10-08T15:27:28.486418+00:00,
read_sealed_point,rust_previous,1,3893,32,29399.810172103775,sealed,2026-10-08T15:27:28.606334+00:00,
read_sealed_point,rust_control,1,3893,32,29945.243770870795,sealed,2026-10-08T15:27:28.728851+00:00,
read_sealed_point,rust_new,1,3893,32,29383.927562291294,sealed,2026-10-08T15:27:28.849292+00:00,
read_sealed_point,rayon2,1,3893,32,29771.80683277678,sealed,2026-10-08T15:27:28.971552+00:00,
read_sealed_point,rust_lto,1,3893,32,29829.701515540713,sealed,2026-10-08T15:27:29.093277+00:00,
read_sealed_point,rust_native,1,3893,32,31729.086051888004,sealed,2026-10-08T15:27:29.222272+00:00,
read_sealed_point,rust_pgo,1,3893,32,24831.034163883895,sealed,2026-10-08T15:27:29.324159+00:00,
read_sealed_point,pgo_rayon2,1,3893,32,24590.315694836885,sealed,2026-10-08T15:27:29.425378+00:00,
read_sealed_point,go,1,3893,32,85142.5016696635,sealed,2026-10-08T15:27:29.768140+00:00,
read_sealed_boundary,rust_control,1,653,32,170900.84839203674,sealed,2026-10-08T15:27:29.890087+00:00,
read_sealed_boundary,rust_new,1,653,32,181669.09954058193,sealed,2026-10-08T15:27:30.018514+00:00,
read_sealed_boundary,rayon2,1,653,32,182348.7886676876,sealed,2026-10-08T15:27:30.148350+00:00,
read_sealed_boundary,rust_lto,1,653,32,169796.90505359878,sealed,2026-10-08T15:27:30.269200+00:00,
read_sealed_boundary,rust_native,1,653,32,162156.5911179173,sealed,2026-10-08T15:27:30.385166+00:00,
read_sealed_boundary,rust_pgo,1,653,32,133610.41960183767,sealed,2026-10-08T15:27:30.481648+00:00,
read_sealed_boundary,pgo_rayon2,1,653,32,175142.94793261867,sealed,2026-10-08T15:27:30.605568+00:00,
read_sealed_boundary,go,1,653,32,416146.30015313934,sealed,2026-10-08T15:27:30.900133+00:00,
read_sealed_boundary,rust_previous,1,653,32,171001.74885145482,sealed,2026-10-08T15:27:31.021552+00:00,
read_sealed_full8,rust_new,1,114,32,1007088.6403508772,sealed,2026-10-08T15:27:31.171752+00:00,
read_sealed_full8,rayon2,1,114,32,925815.3684210526,sealed,2026-10-08T15:27:31.310480+00:00,
read_sealed_full8,rust_lto,1,114,32,1064932.8245614036,sealed,2026-10-08T15:27:31.472069+00:00,
read_sealed_full8,rust_native,1,114,32,1000232.8859649122,sealed,2026-10-08T15:27:31.623823+00:00,
read_sealed_full8,rust_pgo,1,114,32,916766.3596491228,sealed,2026-10-08T15:27:31.760110+00:00,
read_sealed_full8,pgo_rayon2,1,114,32,738874.298245614,sealed,2026-10-08T15:27:31.871844+00:00,
read_sealed_full8,go,1,114,32,2754367.9298245613,sealed,2026-10-08T15:27:32.284705+00:00,
read_sealed_full8,rust_previous,1,114,32,1096149.0614035088,sealed,2026-10-08T15:27:32.452203+00:00,
read_sealed_full8,rust_control,1,114,32,1150503.8157894737,sealed,2026-10-08T15:27:32.628126+00:00,
read_sealed_full16,go,1,58,32,4995656.3965517245,sealed,2026-10-08T15:27:33.103668+00:00,
read_sealed_full16,rust_previous,1,58,32,2376150.0344827585,sealed,2026-10-08T15:27:33.322380+00:00,
read_sealed_full16,rust_control,1,58,32,2542118.775862069,sealed,2026-10-08T15:27:33.552329+00:00,
read_sealed_full16,rust_new,1,58,32,2152354.1379310344,sealed,2026-10-08T15:27:33.754358+00:00,
read_sealed_full16,rayon2,1,58,32,1776201.3620689656,sealed,2026-10-08T15:27:33.918360+00:00,
read_sealed_full16,rust_lto,1,58,32,1853556.896551724,sealed,2026-10-08T15:27:34.104659+00:00,
read_sealed_full16,rust_native,1,58,32,1877666.0344827587,sealed,2026-10-08T15:27:34.276754+00:00,
read_sealed_full16,rust_pgo,1,58,32,1594004.9655172413,sealed,2026-10-08T15:27:34.426409+00:00,
read_sealed_full16,pgo_rayon2,1,58,32,1430180.8620689656,sealed,2026-10-08T15:27:34.562110+00:00,
read_sealed_full16,only_bits,1,58,32,2080124.8103448276,sealed,2026-10-08T15:27:34.754037+00:00,
read_sealed_full16,only_buffers,1,58,32,2239212.0,sealed,2026-10-08T15:27:34.960853+00:00,
read_sealed_full16,only_fused,1,58,32,2163638.2586206896,sealed,2026-10-08T15:27:35.159781+00:00,
read_sealed_full16,only_specialized,1,58,32,2210940.9827586208,sealed,2026-10-08T15:27:35.364368+00:00,
read_filtered_one,rust_lto,1,1059,32,123378.6506137866,sealed,2026-10-08T15:27:35.503021+00:00,
read_filtered_one,rust_native,1,1059,32,118350.30217186024,sealed,2026-10-08T15:27:35.635850+00:00,
read_filtered_one,rust_pgo,1,1059,32,95816.62039660057,sealed,2026-10-08T15:27:35.744485+00:00,
read_filtered_one,pgo_rayon2,1,1059,32,86405.9508970727,sealed,2026-10-08T15:27:35.843326+00:00,
read_filtered_one,go,1,1059,32,399473.87818696885,sealed,2026-10-08T15:27:36.287527+00:00,
read_filtered_one,rust_previous,1,1059,32,124409.1850802644,sealed,2026-10-08T15:27:36.427193+00:00,
read_filtered_one,rust_control,1,1059,32,131524.5684608121,sealed,2026-10-08T15:27:36.575130+00:00,
read_filtered_one,rust_new,1,1059,32,111062.68932955619,sealed,2026-10-08T15:27:36.701045+00:00,
read_filtered_one,rayon2,1,1059,32,113867.52880075543,sealed,2026-10-08T15:27:36.829985+00:00,
stream_sealed_full8,rust_native,1,130,32,977795.9692307692,sealed,2026-10-08T15:27:36.992286+00:00,
stream_sealed_full8,rust_pgo,1,130,32,704991.5,sealed,2026-10-08T15:27:37.113044+00:00,
stream_sealed_full8,pgo_rayon2,1,130,32,651668.3923076923,sealed,2026-10-08T15:27:37.226029+00:00,
stream_sealed_full8,go,1,130,32,2904730.2846153844,sealed,2026-10-08T15:27:37.702806+00:00,
stream_sealed_full8,rust_previous,1,130,32,945293.8615384615,sealed,2026-10-08T15:27:37.860579+00:00,
stream_sealed_full8,rust_control,1,130,32,1023603.9923076923,sealed,2026-10-08T15:27:38.028939+00:00,
stream_sealed_full8,rust_new,1,130,32,827397.7538461538,sealed,2026-10-08T15:27:38.167656+00:00,
stream_sealed_full8,rayon2,1,130,32,771918.823076923,sealed,2026-10-08T15:27:38.299181+00:00,
stream_sealed_full8,rust_lto,1,130,32,928699.3769230769,sealed,2026-10-08T15:27:38.452191+00:00,
read_where,rust_pgo,1,292,32,349791.647260274,sealed,2026-10-08T15:27:38.570480+00:00,
read_where,pgo_rayon2,1,292,32,364276.44178082194,sealed,2026-10-08T15:27:38.693517+00:00,
read_where,go,1,292,32,1096106.3424657534,sealed,2026-10-08T15:27:39.057684+00:00,
read_where,rust_previous,1,292,32,419202.5308219178,sealed,2026-10-08T15:27:39.197247+00:00,
read_where,rust_control,1,292,32,412135.6815068493,sealed,2026-10-08T15:27:39.335895+00:00,
read_where,rust_new,1,292,32,387312.6438356164,sealed,2026-10-08T15:27:39.465901+00:00,
read_where,rayon2,1,292,32,444595.4212328767,sealed,2026-10-08T15:27:39.617260+00:00,
read_where,rust_lto,1,292,32,395302.34589041094,sealed,2026-10-08T15:27:39.750039+00:00,
read_where,rust_native,1,292,32,387231.2226027397,sealed,2026-10-08T15:27:39.880464+00:00,
read_prefix,pgo_rayon2,1,804,32,114895.47885572139,sealed,2026-10-08T15:27:39.981326+00:00,
read_prefix,go,1,804,32,412209.25124378107,sealed,2026-10-08T15:27:40.333944+00:00,
read_prefix,rust_previous,1,804,32,158303.6815920398,sealed,2026-10-08T15:27:40.471385+00:00,
read_prefix,rust_control,1,804,32,177258.9763681592,sealed,2026-10-08T15:27:40.623359+00:00,
read_prefix,rust_new,1,804,32,155354.64179104476,sealed,2026-10-08T15:27:40.757597+00:00,
read_prefix,rayon2,1,804,32,134338.94651741293,sealed,2026-10-08T15:27:40.874913+00:00,
read_prefix,rust_lto,1,804,32,136415.16542288556,sealed,2026-10-08T15:27:40.993043+00:00,
read_prefix,rust_native,1,804,32,139801.47139303482,sealed,2026-10-08T15:27:41.113877+00:00,
read_prefix,rust_pgo,1,804,32,117385.28358208956,sealed,2026-10-08T15:27:41.216661+00:00,
read_noneof,go,1,155,32,2152847.122580645,sealed,2026-10-08T15:27:41.632571+00:00,
read_noneof,rust_previous,1,155,32,810524.2322580646,sealed,2026-10-08T15:27:41.788261+00:00,
read_noneof,rust_control,1,155,32,850106.5612903226,sealed,2026-10-08T15:27:41.951188+00:00,
read_noneof,rust_new,1,155,32,760850.6451612903,sealed,2026-10-08T15:27:42.098873+00:00,
read_noneof,rayon2,1,155,32,592466.3935483871,sealed,2026-10-08T15:27:42.214373+00:00,
read_noneof,rust_lto,1,155,32,769630.2838709677,sealed,2026-10-08T15:27:42.362305+00:00,
read_noneof,rust_native,1,155,32,757544.464516129,sealed,2026-10-08T15:27:42.509096+00:00,
read_noneof,rust_pgo,1,155,32,639364.6387096774,sealed,2026-10-08T15:27:42.633756+00:00,
read_noneof,pgo_rayon2,1,155,32,585653.406451613,sealed,2026-10-08T15:27:42.744123+00:00,
read_since,rust_previous,1,383,32,309855.9503916449,sealed,2026-10-08T15:27:42.876997+00:00,
read_since,rust_control,1,383,32,327946.227154047,sealed,2026-10-08T15:27:43.017622+00:00,
read_since,rust_new,1,383,32,288380.9295039165,sealed,2026-10-08T15:27:43.142200+00:00,
read_since,rayon2,1,383,32,334647.3472584856,sealed,2026-10-08T15:27:43.284123+00:00,
read_since,rust_lto,1,383,32,288093.3785900783,sealed,2026-10-08T15:27:43.408311+00:00,
read_since,rust_native,1,383,32,308844.00522193214,sealed,2026-10-08T15:27:43.541763+00:00,
read_since,rust_pgo,1,383,32,237539.18015665797,sealed,2026-10-08T15:27:43.647211+00:00,
read_since,pgo_rayon2,1,383,32,285449.4229765013,sealed,2026-10-08T15:27:43.771134+00:00,
read_since,go,1,383,32,816740.3603133159,sealed,2026-10-08T15:27:44.117399+00:00,
aggregate_count,rust_control,1,622,32,147230.79421221864,sealed,2026-10-08T15:27:44.218803+00:00,
aggregate_count,rust_new,1,622,32,144968.50643086818,sealed,2026-10-08T15:27:44.318552+00:00,
aggregate_count,rayon2,1,622,32,150760.45498392283,sealed,2026-10-08T15:27:44.421504+00:00,
aggregate_count,rust_lto,1,622,32,141594.68649517684,sealed,2026-10-08T15:27:44.519149+00:00,
aggregate_count,rust_native,1,622,32,140332.40032154342,sealed,2026-10-08T15:27:44.615220+00:00,
aggregate_count,rust_pgo,1,622,32,121682.50160771704,sealed,2026-10-08T15:27:44.698962+00:00,
aggregate_count,pgo_rayon2,1,622,32,135233.14951768488,sealed,2026-10-08T15:27:44.795496+00:00,
aggregate_count,go,1,622,32,413748.9035369775,sealed,2026-10-08T15:27:45.076805+00:00,
aggregate_count,rust_previous,1,622,32,155975.19774919614,sealed,2026-10-08T15:27:45.183242+00:00,
aggregate_sum,pgo_rayon2,1,565,32,151154.09557522123,sealed,2026-10-08T15:27:45.278393+00:00,
aggregate_sum,only_bits,1,565,32,211320.8761061947,sealed,2026-10-08T15:27:45.408835+00:00,
aggregate_sum,only_buffers,1,565,32,218199.39292035397,sealed,2026-10-08T15:27:45.542809+00:00,
aggregate_sum,only_fused,1,565,32,176127.53451327432,sealed,2026-10-08T15:27:45.652224+00:00,
aggregate_sum,only_specialized,1,565,32,176143.3628318584,sealed,2026-10-08T15:27:45.761243+00:00,
aggregate_sum,go,1,565,32,375054.29734513274,sealed,2026-10-08T15:27:45.994909+00:00,
aggregate_sum,rust_previous,1,565,32,179474.96637168142,sealed,2026-10-08T15:27:46.106400+00:00,
aggregate_sum,rust_control,1,565,32,181707.42123893806,sealed,2026-10-08T15:27:46.219331+00:00,
aggregate_sum,rust_new,1,565,32,204526.29911504424,sealed,2026-10-08T15:27:46.345780+00:00,
aggregate_sum,rayon2,1,565,32,236337.93805309734,sealed,2026-10-08T15:27:46.495508+00:00,
aggregate_sum,rust_lto,1,565,32,177617.4017699115,sealed,2026-10-08T15:27:46.605625+00:00,
aggregate_sum,rust_native,1,565,32,169832.9256637168,sealed,2026-10-08T15:27:46.711315+00:00,
aggregate_sum,rust_pgo,1,565,32,140936.2849557522,sealed,2026-10-08T15:27:46.800414+00:00,
aggregate_avg,rayon2,1,573,32,209360.68935427573,sealed,2026-10-08T15:27:46.931949+00:00,
aggregate_avg,rust_lto,1,573,32,168018.78883071552,sealed,2026-10-08T15:27:47.038753+00:00,
aggregate_avg,rust_native,1,573,32,169395.67888307155,sealed,2026-10-08T15:27:47.144989+00:00,
aggregate_avg,rust_pgo,1,573,32,138284.53752181501,sealed,2026-10-08T15:27:47.233768+00:00,
aggregate_avg,pgo_rayon2,1,573,32,141000.93193717278,sealed,2026-10-08T15:27:47.324524+00:00,
aggregate_avg,go,1,573,32,409059.0244328098,sealed,2026-10-08T15:27:47.581773+00:00,
aggregate_avg,rust_previous,1,573,32,189692.22687609075,sealed,2026-10-08T15:27:47.700546+00:00,
aggregate_avg,rust_control,1,573,32,178736.23909249564,sealed,2026-10-08T15:27:47.813092+00:00,
aggregate_avg,rust_new,1,573,32,169732.16230366493,sealed,2026-10-08T15:27:47.919975+00:00,
aggregate_min,rust_lto,1,701,32,140798.9087018545,sealed,2026-10-08T15:27:48.027504+00:00,
aggregate_min,rust_native,1,701,32,139807.25534950072,sealed,2026-10-08T15:27:48.134177+00:00,
aggregate_min,rust_pgo,1,701,32,116734.6176890157,sealed,2026-10-08T15:27:48.223916+00:00,
aggregate_min,pgo_rayon2,1,701,32,119177.59201141227,sealed,2026-10-08T15:27:48.316117+00:00,
aggregate_min,go,1,701,32,364983.59058487875,sealed,2026-10-08T15:27:48.592782+00:00,
aggregate_min,rust_previous,1,701,32,142451.11126961483,sealed,2026-10-08T15:27:48.701477+00:00,
aggregate_min,rust_control,1,701,32,144416.54636233952,sealed,2026-10-08T15:27:48.812423+00:00,
aggregate_min,rust_new,1,701,32,146379.16547788872,sealed,2026-10-08T15:27:48.924283+00:00,
aggregate_min,rayon2,1,701,32,157057.49500713267,sealed,2026-10-08T15:27:49.043628+00:00,
aggregate_max,rust_native,1,845,32,149435.48639053255,sealed,2026-10-08T15:27:49.178965+00:00,
aggregate_max,rust_pgo,1,845,32,120595.9727810651,sealed,2026-10-08T15:27:49.289159+00:00,
aggregate_max,pgo_rayon2,1,845,32,132121.88402366865,sealed,2026-10-08T15:27:49.410296+00:00,
aggregate_max,go,1,845,32,386074.0402366864,sealed,2026-10-08T15:27:49.760266+00:00,
aggregate_max,rust_previous,1,845,32,144832.72189349114,sealed,2026-10-08T15:27:49.891683+00:00,
aggregate_max,rust_control,1,845,32,154520.25443786982,sealed,2026-10-08T15:27:50.031199+00:00,
aggregate_max,rust_new,1,845,32,162682.41775147928,sealed,2026-10-08T15:27:50.178201+00:00,
aggregate_max,rayon2,1,845,32,158977.32544378698,sealed,2026-10-08T15:27:50.322803+00:00,
aggregate_max,rust_lto,1,845,32,149631.37396449703,sealed,2026-10-08T15:27:50.460211+00:00,
aggregate_delta,rust_pgo,1,720,32,148440.69305555554,sealed,2026-10-08T15:27:50.576584+00:00,
aggregate_delta,pgo_rayon2,1,720,32,170058.32638888888,sealed,2026-10-08T15:27:50.709985+00:00,
aggregate_delta,go,1,720,32,418810.53055555554,sealed,2026-10-08T15:27:51.034340+00:00,
aggregate_delta,rust_previous,1,720,32,194528.6486111111,sealed,2026-10-08T15:27:51.184375+00:00,
aggregate_delta,rust_control,1,720,32,165376.59166666667,sealed,2026-10-08T15:27:51.313646+00:00,
aggregate_delta,rust_new,1,720,32,165501.16944444444,sealed,2026-10-08T15:27:51.442307+00:00,
aggregate_delta,rayon2,1,720,32,175373.775,sealed,2026-10-08T15:27:51.579426+00:00,
aggregate_delta,rust_lto,1,720,32,172629.99305555556,sealed,2026-10-08T15:27:51.714314+00:00,
aggregate_delta,rust_native,1,720,32,161997.00833333333,sealed,2026-10-08T15:27:51.840581+00:00,
aggregate_increase,pgo_rayon2,1,544,32,170767.3786764706,sealed,2026-10-08T15:27:51.945712+00:00,
aggregate_increase,go,1,544,32,408229.0238970588,sealed,2026-10-08T15:27:52.190302+00:00,
aggregate_increase,rust_previous,1,544,32,216303.20220588235,sealed,2026-10-08T15:27:52.320140+00:00,
aggregate_increase,rust_control,1,544,32,206155.42647058822,sealed,2026-10-08T15:27:52.443595+00:00,
aggregate_increase,rust_new,1,544,32,211489.86580882352,sealed,2026-10-08T15:27:52.569692+00:00,
aggregate_increase,rayon2,1,544,32,224547.0,sealed,2026-10-08T15:27:52.703962+00:00,
aggregate_increase,rust_lto,1,544,32,199831.8768382353,sealed,2026-10-08T15:27:52.823963+00:00,
aggregate_increase,rust_native,1,544,32,195870.4650735294,sealed,2026-10-08T15:27:52.942307+00:00,
aggregate_increase,rust_pgo,1,544,32,167757.1525735294,sealed,2026-10-08T15:27:53.043958+00:00,
aggregate_rate,go,1,560,32,406727.10892857146,sealed,2026-10-08T15:27:53.295245+00:00,
aggregate_rate,rust_previous,1,560,32,204617.06964285715,sealed,2026-10-08T15:27:53.421320+00:00,
aggregate_rate,rust_control,1,560,32,204916.53214285715,sealed,2026-10-08T15:27:53.548132+00:00,
aggregate_rate,rust_new,1,560,32,201000.05714285714,sealed,2026-10-08T15:27:53.672269+00:00,
aggregate_rate,rayon2,1,560,32,201162.20714285714,sealed,2026-10-08T15:27:53.795955+00:00,
aggregate_rate,rust_lto,1,560,32,186900.99464285714,sealed,2026-10-08T15:27:53.911696+00:00,
aggregate_rate,rust_native,1,560,32,185012.575,sealed,2026-10-08T15:27:54.025946+00:00,
aggregate_rate,rust_pgo,1,560,32,149895.05357142858,sealed,2026-10-08T15:27:54.121527+00:00,
aggregate_rate,pgo_rayon2,1,560,32,170643.99107142858,sealed,2026-10-08T15:27:54.226558+00:00,
aggregate_cut_sum,rust_control,1,140,32,909776.4,sealed,2026-10-08T15:27:54.383474+00:00,
aggregate_cut_sum,rust_new,1,140,32,819062.8714285714,sealed,2026-10-08T15:27:54.530049+00:00,
aggregate_cut_sum,rayon2,1,140,32,839107.35,sealed,2026-10-08T15:27:54.688781+00:00,
aggregate_cut_sum,rust_lto,1,140,32,665268.7142857143,sealed,2026-10-08T15:27:54.807243+00:00,
aggregate_cut_sum,rust_native,1,140,32,642658.8928571428,sealed,2026-10-08T15:27:54.922425+00:00,
aggregate_cut_sum,rust_pgo,1,140,32,517492.3142857143,sealed,2026-10-08T15:27:55.015504+00:00,
aggregate_cut_sum,pgo_rayon2,1,140,32,587421.7285714286,sealed,2026-10-08T15:27:55.119647+00:00,
aggregate_cut_sum,only_bits,1,140,32,755185.9857142858,sealed,2026-10-08T15:27:55.254477+00:00,
aggregate_cut_sum,only_buffers,1,140,32,796110.05,sealed,2026-10-08T15:27:55.395634+00:00,
aggregate_cut_sum,only_fused,1,140,32,803148.8928571428,sealed,2026-10-08T15:27:55.538091+00:00,
aggregate_cut_sum,only_specialized,1,140,32,724039.7142857143,sealed,2026-10-08T15:27:55.668196+00:00,
aggregate_cut_sum,go,1,140,32,2229948.0857142857,sealed,2026-10-08T15:27:56.062151+00:00,
aggregate_cut_sum,rust_previous,1,140,32,791692.5642857143,sealed,2026-10-08T15:27:56.203069+00:00,
aggregate_cut_avg,rust_control,1,131,32,805742.7251908397,sealed,2026-10-08T15:27:56.339488+00:00,
aggregate_cut_avg,rust_new,1,131,32,696793.9847328244,sealed,2026-10-08T15:27:56.457963+00:00,
aggregate_cut_avg,rayon2,1,131,32,729461.0381679389,sealed,2026-10-08T15:27:56.580576+00:00,
aggregate_cut_avg,rust_lto,1,131,32,653396.9236641221,sealed,2026-10-08T15:27:56.691486+00:00,
aggregate_cut_avg,rust_native,1,131,32,661363.9923664122,sealed,2026-10-08T15:27:56.803090+00:00,
aggregate_cut_avg,rust_pgo,1,131,32,512214.6870229008,sealed,2026-10-08T15:27:56.891789+00:00,
aggregate_cut_avg,pgo_rayon2,1,131,32,601605.465648855,sealed,2026-10-08T15:27:56.993343+00:00,
aggregate_cut_avg,go,1,131,32,2132194.610687023,sealed,2026-10-08T15:27:57.351086+00:00,
aggregate_cut_avg,rust_previous,1,131,32,803393.4427480916,sealed,2026-10-08T15:27:57.486837+00:00,
aggregate_grouped_sum,rust_new,1,669,32,173708.88340807174,sealed,2026-10-08T15:27:57.612913+00:00,
aggregate_grouped_sum,rayon2,1,669,32,172699.34678624812,sealed,2026-10-08T15:27:57.738500+00:00,
aggregate_grouped_sum,rust_lto,1,669,32,166168.81464872946,sealed,2026-10-08T15:27:57.859282+00:00,
aggregate_grouped_sum,rust_native,1,669,32,164826.01943198804,sealed,2026-10-08T15:27:57.979389+00:00,
aggregate_grouped_sum,rust_pgo,1,669,32,137528.83109118088,sealed,2026-10-08T15:27:58.079853+00:00,
aggregate_grouped_sum,pgo_rayon2,1,669,32,136908.19581464873,sealed,2026-10-08T15:27:58.180648+00:00,
aggregate_grouped_sum,go,1,669,32,442888.3841554559,sealed,2026-10-08T15:27:58.500631+00:00,
aggregate_grouped_sum,rust_previous,1,669,32,169721.44245142004,sealed,2026-10-08T15:27:58.624209+00:00,
aggregate_grouped_sum,rust_control,1,669,32,171451.10164424515,sealed,2026-10-08T15:27:58.748429+00:00,
aggregate_grouped_increase,rayon2,1,515,32,233104.16116504854,sealed,2026-10-08T15:27:58.880796+00:00,
aggregate_grouped_increase,rust_lto,1,515,32,222837.80194174757,sealed,2026-10-08T15:27:59.007334+00:00,
aggregate_grouped_increase,rust_native,1,515,32,219881.5223300971,sealed,2026-10-08T15:27:59.131625+00:00,
aggregate_grouped_increase,rust_pgo,1,515,32,172582.66019417476,sealed,2026-10-08T15:27:59.229997+00:00,
aggregate_grouped_increase,pgo_rayon2,1,515,32,176815.78058252428,sealed,2026-10-08T15:27:59.331589+00:00,
aggregate_grouped_increase,go,1,515,32,515464.5941747573,sealed,2026-10-08T15:27:59.624902+00:00,
aggregate_grouped_increase,rust_previous,1,515,32,241073.13009708739,sealed,2026-10-08T15:27:59.761822+00:00,
aggregate_grouped_increase,rust_control,1,515,32,239581.33009708737,sealed,2026-10-08T15:27:59.896251+00:00,
aggregate_grouped_increase,rust_new,1,515,32,234806.6932038835,sealed,2026-10-08T15:28:00.028370+00:00,
read_wide64,rust_native,1,41,32,2541350.8292682925,wide,2026-10-08T15:28:00.216615+00:00,
read_wide64,rust_pgo,1,41,32,2152830.1219512196,wide,2026-10-08T15:28:00.377617+00:00,
read_wide64,pgo_rayon2,1,41,32,2046386.0487804879,wide,2026-10-08T15:28:00.528544+00:00,
read_wide64,only_bits,1,41,32,2645429.43902439,wide,2026-10-08T15:28:00.726006+00:00,
read_wide64,only_buffers,1,41,32,2845626.6341463416,wide,2026-10-08T15:28:00.940127+00:00,
read_wide64,only_fused,1,41,32,2773506.0,wide,2026-10-08T15:28:01.148775+00:00,
read_wide64,only_specialized,1,41,32,2959654.975609756,wide,2026-10-08T15:28:01.363512+00:00,
read_wide64,go,1,41,32,6081875.341463415,wide,2026-10-08T15:28:01.833560+00:00,
read_wide64,rust_previous,1,41,32,2717177.3170731706,wide,2026-10-08T15:28:02.037494+00:00,
read_wide64,rust_control,1,41,32,2996574.8292682925,wide,2026-10-08T15:28:02.253843+00:00,
read_wide64,rust_new,1,41,32,2727570.487804878,wide,2026-10-08T15:28:02.454496+00:00,
read_wide64,rayon2,1,41,32,2474749.5853658537,wide,2026-10-08T15:28:02.651534+00:00,
read_wide64,rust_lto,1,41,32,2498327.4146341463,wide,2026-10-08T15:28:02.838128+00:00,
stream_wide64,rust_native,1,54,32,2125951.222222222,wide,2026-10-08T15:28:03.031600+00:00,
stream_wide64,rust_pgo,1,54,32,1866206.9259259258,wide,2026-10-08T15:28:03.193716+00:00,
stream_wide64,pgo_rayon2,1,54,32,1646950.0,wide,2026-10-08T15:28:03.351855+00:00,
stream_wide64,go,1,54,32,6103522.444444444,wide,2026-10-08T15:28:03.879961+00:00,
stream_wide64,rust_previous,1,54,32,2384619.407407407,wide,2026-10-08T15:28:04.101497+00:00,
stream_wide64,rust_control,1,54,32,2486073.092592593,wide,2026-10-08T15:28:04.320054+00:00,
stream_wide64,rust_new,1,54,32,2268242.1666666665,wide,2026-10-08T15:28:04.519619+00:00,
stream_wide64,rayon2,1,54,32,2067463.148148148,wide,2026-10-08T15:28:04.702272+00:00,
stream_wide64,rust_lto,1,54,32,2214600.3518518517,wide,2026-10-08T15:28:04.899265+00:00,
aggregate_wide_sum,rust_pgo,1,183,32,578216.1857923497,wide,2026-10-08T15:28:05.028123+00:00,
aggregate_wide_sum,pgo_rayon2,1,183,32,554118.4426229508,wide,2026-10-08T15:28:05.151779+00:00,
aggregate_wide_sum,go,1,183,32,1242427.7923497267,wide,2026-10-08T15:28:05.429710+00:00,
aggregate_wide_sum,rust_previous,1,183,32,675366.7486338798,wide,2026-10-08T15:28:05.582082+00:00,
aggregate_wide_sum,rust_control,1,183,32,673947.8196721311,wide,2026-10-08T15:28:05.736184+00:00,
aggregate_wide_sum,rust_new,1,183,32,691294.8032786886,wide,2026-10-08T15:28:05.889291+00:00,
aggregate_wide_sum,rayon2,1,183,32,681318.5628415301,wide,2026-10-08T15:28:06.041435+00:00,
aggregate_wide_sum,rust_lto,1,183,32,643919.2786885246,wide,2026-10-08T15:28:06.185640+00:00,
aggregate_wide_sum,rust_native,1,183,32,635328.7486338798,wide,2026-10-08T15:28:06.327419+00:00,
aggregate_wide_cut_sum,only_bits,1,58,32,2029865.3793103448,wide,2026-10-08T15:28:06.515206+00:00,
aggregate_wide_cut_sum,only_buffers,1,58,32,2256097.120689655,wide,2026-10-08T15:28:06.719638+00:00,
aggregate_wide_cut_sum,only_fused,1,58,32,2112261.4827586208,wide,2026-10-08T15:28:06.917050+00:00,
aggregate_wide_cut_sum,only_specialized,1,58,32,1959284.7068965517,wide,2026-10-08T15:28:07.098149+00:00,
aggregate_wide_cut_sum,go,1,58,32,5264797.568965517,wide,2026-10-08T15:28:07.585621+00:00,
aggregate_wide_cut_sum,rust_previous,1,58,32,2256654.896551724,wide,2026-10-08T15:28:07.788135+00:00,
aggregate_wide_cut_sum,rust_control,1,58,32,2074165.7068965517,wide,2026-10-08T15:28:07.987927+00:00,
aggregate_wide_cut_sum,rust_new,1,58,32,1734892.448275862,wide,2026-10-08T15:28:08.148501+00:00,
aggregate_wide_cut_sum,rayon2,1,58,32,2434134.0689655175,wide,2026-10-08T15:28:08.372564+00:00,
aggregate_wide_cut_sum,rust_lto,1,58,32,1867560.4827586208,wide,2026-10-08T15:28:08.545390+00:00,
aggregate_wide_cut_sum,rust_native,1,58,32,2017276.8620689656,wide,2026-10-08T15:28:08.730996+00:00,
aggregate_wide_cut_sum,rust_pgo,1,58,32,1654718.5344827587,wide,2026-10-08T15:28:08.885763+00:00,
aggregate_wide_cut_sum,pgo_rayon2,1,58,32,1916094.1206896552,wide,2026-10-08T15:28:09.058181+00:00,
aggregate_wide_cut_avg,go,1,52,32,6079549.038461538,wide,2026-10-08T15:28:09.560582+00:00,
aggregate_wide_cut_avg,rust_previous,1,52,32,2119146.4615384615,wide,2026-10-08T15:28:09.745912+00:00,
aggregate_wide_cut_avg,rust_control,1,52,32,2176588.0,wide,2026-10-08T15:28:09.933360+00:00,
aggregate_wide_cut_avg,rust_new,1,52,32,1907053.1923076923,wide,2026-10-08T15:28:10.100266+00:00,
aggregate_wide_cut_avg,rayon2,1,52,32,2257820.3076923075,wide,2026-10-08T15:28:10.302838+00:00,
aggregate_wide_cut_avg,rust_lto,1,52,32,2131815.403846154,wide,2026-10-08T15:28:10.475357+00:00,
aggregate_wide_cut_avg,rust_native,1,52,32,1748341.0384615385,wide,2026-10-08T15:28:10.633142+00:00,
aggregate_wide_cut_avg,rust_pgo,1,52,32,1527848.0,wide,2026-10-08T15:28:10.764570+00:00,
aggregate_wide_cut_avg,pgo_rayon2,1,52,32,1866100.8461538462,wide,2026-10-08T15:28:10.919663+00:00,
aggregate_wide_cut_count,rust_previous,1,55,32,1914888.709090909,wide,2026-10-08T15:28:11.088408+00:00,
aggregate_wide_cut_count,rust_control,1,55,32,1881284.6363636365,wide,2026-10-08T15:28:11.260186+00:00,
aggregate_wide_cut_count,rust_new,1,55,32,1539481.3818181818,wide,2026-10-08T15:28:11.398701+00:00,
aggregate_wide_cut_count,rayon2,1,55,32,1803857.509090909,wide,2026-10-08T15:28:11.554373+00:00,
aggregate_wide_cut_count,rust_lto,1,55,32,1431155.8,wide,2026-10-08T15:28:11.684595+00:00,
aggregate_wide_cut_count,rust_native,1,55,32,1410695.5272727273,wide,2026-10-08T15:28:11.821516+00:00,
aggregate_wide_cut_count,rust_pgo,1,55,32,1135608.0909090908,wide,2026-10-08T15:28:11.925271+00:00,
aggregate_wide_cut_count,pgo_rayon2,1,55,32,1355740.7454545454,wide,2026-10-08T15:28:12.050030+00:00,
aggregate_wide_cut_count,go,1,55,32,5087898.290909091,wide,2026-10-08T15:28:12.500657+00:00,
aggregate_wide_grouped_cut_sum,only_specialized,1,54,32,2041191.0925925926,wide,2026-10-08T15:28:12.683665+00:00,
aggregate_wide_grouped_cut_sum,go,1,54,32,5358062.111111111,wide,2026-10-08T15:28:13.170990+00:00,
aggregate_wide_grouped_cut_sum,rust_previous,1,54,32,2015535.537037037,wide,2026-10-08T15:28:13.349142+00:00,
aggregate_wide_grouped_cut_sum,rust_control,1,54,32,1993557.8148148148,wide,2026-10-08T15:28:13.525917+00:00,
aggregate_wide_grouped_cut_sum,rust_new,1,54,32,1840587.3703703703,wide,2026-10-08T15:28:13.684140+00:00,
aggregate_wide_grouped_cut_sum,rayon2,1,54,32,1984377.7592592593,wide,2026-10-08T15:28:13.863392+00:00,
aggregate_wide_grouped_cut_sum,rust_lto,1,54,32,1805508.8148148148,wide,2026-10-08T15:28:14.017960+00:00,
aggregate_wide_grouped_cut_sum,rust_native,1,54,32,1679312.2962962964,wide,2026-10-08T15:28:14.169401+00:00,
aggregate_wide_grouped_cut_sum,rust_pgo,1,54,32,1626313.5925925926,wide,2026-10-08T15:28:14.304437+00:00,
aggregate_wide_grouped_cut_sum,pgo_rayon2,1,54,32,1456823.388888889,wide,2026-10-08T15:28:14.432984+00:00,
aggregate_wide_grouped_cut_sum,only_bits,1,54,32,2042610.1666666667,wide,2026-10-08T15:28:14.613931+00:00,
aggregate_wide_grouped_cut_sum,only_buffers,1,54,32,2223900.907407407,wide,2026-10-08T15:28:14.809262+00:00,
aggregate_wide_grouped_cut_sum,only_fused,1,54,32,2372770.8703703703,wide,2026-10-08T15:28:15.014187+00:00,
read_edge,rust_new,1,412,32,199492.48786407767,edge,2026-10-08T15:28:15.107069+00:00,
read_edge,rayon2,1,412,32,248738.5072815534,edge,2026-10-08T15:28:15.221487+00:00,
read_edge,rust_lto,1,412,32,176861.83495145632,edge,2026-10-08T15:28:15.304538+00:00,
read_edge,rust_native,1,412,32,188996.12378640776,edge,2026-10-08T15:28:15.393112+00:00,
read_edge,rust_pgo,1,412,32,162138.10436893205,edge,2026-10-08T15:28:15.469403+00:00,
read_edge,pgo_rayon2,1,412,32,217350.8859223301,edge,2026-10-08T15:28:15.570248+00:00,
read_edge,go,1,412,32,698072.8446601941,edge,2026-10-08T15:28:15.889586+00:00,
read_edge,rust_previous,1,412,32,230769.17475728155,edge,2026-10-08T15:28:15.997398+00:00,
read_edge,rust_control,1,412,32,216602.71601941748,edge,2026-10-08T15:28:16.099313+00:00,
aggregate_edge_sum_3,rayon2,1,8234,32,17519.435146951662,edge,2026-10-08T15:28:16.248477+00:00,
aggregate_edge_sum_3,rust_lto,1,8234,32,15353.813577847948,edge,2026-10-08T15:28:16.380046+00:00,
aggregate_edge_sum_3,rust_native,1,8234,32,14127.279329608938,edge,2026-10-08T15:28:16.500874+00:00,
aggregate_edge_sum_3,rust_pgo,1,8234,32,13409.207432596551,edge,2026-10-08T15:28:16.615828+00:00,
aggregate_edge_sum_3,pgo_rayon2,1,8234,32,13891.57736215691,edge,2026-10-08T15:28:16.735196+00:00,
aggregate_edge_sum_3,go,1,8234,32,53709.36397862521,edge,2026-10-08T15:28:17.187553+00:00,
aggregate_edge_sum_3,rust_previous,1,8234,32,17667.828030119017,edge,2026-10-08T15:28:17.338924+00:00,
aggregate_edge_sum_3,rust_control,1,8234,32,15315.307626912801,edge,2026-10-08T15:28:17.474490+00:00,
aggregate_edge_sum_3,rust_new,1,8234,32,16751.811756133106,edge,2026-10-08T15:28:17.617110+00:00,
aggregate_edge_increase_10,rust_lto,1,8005,32,16211.673703935041,edge,2026-10-08T15:28:17.751944+00:00,
aggregate_edge_increase_10,rust_native,1,8005,32,15877.947158026234,edge,2026-10-08T15:28:17.884033+00:00,
aggregate_edge_increase_10,rust_pgo,1,8005,32,14446.43123048095,edge,2026-10-08T15:28:18.005028+00:00,
aggregate_edge_increase_10,pgo_rayon2,1,8005,32,15042.260337289194,edge,2026-10-08T15:28:18.131110+00:00,
aggregate_edge_increase_10,go,1,8005,32,57361.54603372892,edge,2026-10-08T15:28:18.599681+00:00,
aggregate_edge_increase_10,rust_previous,1,8005,32,16669.569893816366,edge,2026-10-08T15:28:18.737819+00:00,
aggregate_edge_increase_10,rust_control,1,8005,32,16563.307807620236,edge,2026-10-08T15:28:18.875229+00:00,
aggregate_edge_increase_10,rust_new,1,8005,32,16560.497439100563,edge,2026-10-08T15:28:19.012661+00:00,
aggregate_edge_increase_10,rayon2,1,8005,32,18690.507183010617,edge,2026-10-08T15:28:19.167282+00:00,
ingest_append1,go,2,188,32,507981.59574468085,head,2026-10-08T15:28:19.298826+00:00,6373a511df1bdd02
ingest_append1,pgo_rayon2,2,188,32,400709.329787234,head,2026-10-08T15:28:19.403646+00:00,6373a511df1bdd02
ingest_append1,rust_pgo,2,188,32,377276.4308510638,head,2026-10-08T15:28:19.506752+00:00,6373a511df1bdd02
ingest_append1,rust_native,2,188,32,380150.9521276596,head,2026-10-08T15:28:19.605194+00:00,6373a511df1bdd02
ingest_append1,rust_lto,2,188,32,396241.4680851064,head,2026-10-08T15:28:19.707805+00:00,6373a511df1bdd02
ingest_append1,rayon2,2,188,32,414267.2393617021,head,2026-10-08T15:28:19.819774+00:00,6373a511df1bdd02
ingest_append1,rust_new,2,188,32,424657.24468085106,head,2026-10-08T15:28:19.927160+00:00,6373a511df1bdd02
ingest_append1,rust_control,2,188,32,391588.3617021277,head,2026-10-08T15:28:20.029217+00:00,6373a511df1bdd02
ingest_append1,rust_previous,2,188,32,435544.1595744681,head,2026-10-08T15:28:20.139230+00:00,6373a511df1bdd02
ingest_replace1,rust_previous,2,213,32,546802.1924882629,head,2026-10-08T15:28:20.290729+00:00,f41c14909290570b
ingest_replace1,go,2,213,32,812804.661971831,head,2026-10-08T15:28:20.506972+00:00,f41c14909290570b
ingest_replace1,pgo_rayon2,2,213,32,567528.5446009389,head,2026-10-08T15:28:20.658710+00:00,f41c14909290570b
ingest_replace1,rust_pgo,2,213,32,493640.91079812206,head,2026-10-08T15:28:20.794494+00:00,f41c14909290570b
ingest_replace1,rust_native,2,213,32,502686.8356807512,head,2026-10-08T15:28:20.930172+00:00,f41c14909290570b
ingest_replace1,rust_lto,2,213,32,507724.05633802817,head,2026-10-08T15:28:21.068261+00:00,f41c14909290570b
ingest_replace1,rayon2,2,213,32,561829.2863849765,head,2026-10-08T15:28:21.220996+00:00,f41c14909290570b
ingest_replace1,rust_new,2,213,32,493095.76056338026,head,2026-10-08T15:28:21.356364+00:00,f41c14909290570b
ingest_replace1,rust_control,2,213,32,511747.35680751177,head,2026-10-08T15:28:21.497361+00:00,f41c14909290570b
ingest_scrape100,rust_control,2,50,32,2374022.4,scrape,2026-10-08T15:28:21.673832+00:00,24b09eda68730c72
ingest_scrape100,rust_previous,2,50,32,2506378.1,scrape,2026-10-08T15:28:21.855685+00:00,24b09eda68730c72
ingest_scrape100,go,2,50,32,5447842.1,scrape,2026-10-08T15:28:22.252332+00:00,24b09eda68730c72
ingest_scrape100,only_specialized,2,50,32,2496632.66,scrape,2026-10-08T15:28:22.437629+00:00,24b09eda68730c72
ingest_scrape100,only_fused,2,50,32,2548553.52,scrape,2026-10-08T15:28:22.627517+00:00,24b09eda68730c72
ingest_scrape100,only_buffers,2,50,32,2499523.36,scrape,2026-10-08T15:28:22.817316+00:00,24b09eda68730c72
ingest_scrape100,only_bits,2,50,32,3209339.24,scrape,2026-10-08T15:28:23.043136+00:00,24b09eda68730c72
ingest_scrape100,pgo_rayon2,2,50,32,2705516.02,scrape,2026-10-08T15:28:23.241691+00:00,24b09eda68730c72
ingest_scrape100,rust_pgo,2,50,32,2513503.7,scrape,2026-10-08T15:28:23.430005+00:00,24b09eda68730c72
ingest_scrape100,rust_native,2,50,32,2763923.14,scrape,2026-10-08T15:28:23.636461+00:00,24b09eda68730c72
ingest_scrape100,rust_lto,2,50,32,2718969.24,scrape,2026-10-08T15:28:23.833643+00:00,24b09eda68730c72
ingest_scrape100,rayon2,2,50,32,2834726.68,scrape,2026-10-08T15:28:24.041724+00:00,24b09eda68730c72
ingest_scrape100,rust_new,2,50,32,2660737.48,scrape,2026-10-08T15:28:24.238741+00:00,24b09eda68730c72
ingest_register8,rust_new,2,16,32,1469124.5,empty,2026-10-08T15:28:24.320678+00:00,9606a1bf2d6d67f0
ingest_register8,rust_control,2,16,32,1832007.625,empty,2026-10-08T15:28:24.434656+00:00,9606a1bf2d6d67f0
ingest_register8,rust_previous,2,16,32,2167314.25,empty,2026-10-08T15:28:24.548884+00:00,9606a1bf2d6d67f0
ingest_register8,go,2,16,32,2447648.375,empty,2026-10-08T15:28:24.703127+00:00,9606a1bf2d6d67f0
ingest_register8,pgo_rayon2,2,16,32,969565.25,empty,2026-10-08T15:28:24.771115+00:00,9606a1bf2d6d67f0
ingest_register8,rust_pgo,2,16,32,907225.8125,empty,2026-10-08T15:28:24.840140+00:00,9606a1bf2d6d67f0
ingest_register8,rust_native,2,16,32,984589.0,empty,2026-10-08T15:28:24.908318+00:00,9606a1bf2d6d67f0
ingest_register8,rust_lto,2,16,32,958857.8125,empty,2026-10-08T15:28:24.984091+00:00,9606a1bf2d6d67f0
ingest_register8,rayon2,2,16,32,1064701.875,empty,2026-10-08T15:28:25.056829+00:00,9606a1bf2d6d67f0
ingest_shuffled240,rayon2,2,197,32,609183.8172588833,head,2026-10-08T15:28:25.211636+00:00,efb2082861ccb83e
ingest_shuffled240,rust_new,2,197,32,570645.8984771573,head,2026-10-08T15:28:25.359934+00:00,efb2082861ccb83e
ingest_shuffled240,rust_control,2,197,32,716501.5126903553,head,2026-10-08T15:28:25.536770+00:00,efb2082861ccb83e
ingest_shuffled240,rust_previous,2,197,32,591003.345177665,head,2026-10-08T15:28:25.687122+00:00,efb2082861ccb83e
ingest_shuffled240,go,2,197,32,996919.4873096447,head,2026-10-08T15:28:25.930336+00:00,efb2082861ccb83e
ingest_shuffled240,pgo_rayon2,2,197,32,570028.1776649746,head,2026-10-08T15:28:26.079835+00:00,efb2082861ccb83e
ingest_shuffled240,rust_pgo,2,197,32,579380.8984771573,head,2026-10-08T15:28:26.223584+00:00,efb2082861ccb83e
ingest_shuffled240,rust_native,2,197,32,611151.0964467005,head,2026-10-08T15:28:26.379323+00:00,efb2082861ccb83e
ingest_shuffled240,rust_lto,2,197,32,634035.0253807106,head,2026-10-08T15:28:26.554051+00:00,efb2082861ccb83e
ingest_duplicates240,rust_lto,2,212,32,533451.3160377359,head,2026-10-08T15:28:26.699540+00:00,d366c1eb0f75a0db
ingest_duplicates240,rayon2,2,212,32,561078.7641509434,head,2026-10-08T15:28:26.852663+00:00,d366c1eb0f75a0db
ingest_duplicates240,rust_new,2,212,32,521702.9905660377,head,2026-10-08T15:28:26.994249+00:00,d366c1eb0f75a0db
ingest_duplicates240,rust_control,2,212,32,549981.4811320754,head,2026-10-08T15:28:27.141605+00:00,d366c1eb0f75a0db
ingest_duplicates240,rust_previous,2,212,32,543162.429245283,head,2026-10-08T15:28:27.289889+00:00,d366c1eb0f75a0db
ingest_duplicates240,go,2,212,32,879294.0896226416,head,2026-10-08T15:28:27.526241+00:00,d366c1eb0f75a0db
ingest_duplicates240,pgo_rayon2,2,212,32,509618.6037735849,head,2026-10-08T15:28:27.670069+00:00,d366c1eb0f75a0db
ingest_duplicates240,rust_pgo,2,212,32,509631.6933962264,head,2026-10-08T15:28:27.808924+00:00,d366c1eb0f75a0db
ingest_duplicates240,rust_native,2,212,32,486197.16509433964,head,2026-10-08T15:28:27.944255+00:00,d366c1eb0f75a0db
maintain_ready,rust_native,2,1,0,30949194.0,ready,2026-10-08T15:28:27.994106+00:00,ee90eb1b8289f431
maintain_ready,rust_lto,2,1,0,31246585.0,ready,2026-10-08T15:28:28.042131+00:00,ee90eb1b8289f431
maintain_ready,rayon2,2,1,0,31022968.0,ready,2026-10-08T15:28:28.089368+00:00,ee90eb1b8289f431
maintain_ready,rust_new,2,1,0,31904192.0,ready,2026-10-08T15:28:28.137774+00:00,ee90eb1b8289f431
maintain_ready,rust_control,2,1,0,34105770.0,ready,2026-10-08T15:28:28.189368+00:00,ee90eb1b8289f431
maintain_ready,rust_previous,2,1,0,37040802.0,ready,2026-10-08T15:28:28.243569+00:00,ee90eb1b8289f431
maintain_ready,go,2,1,0,80911072,ready,2026-10-08T15:28:28.342620+00:00,ee90eb1b8289f431
maintain_ready,only_specialized,2,1,0,34193890.0,ready,2026-10-08T15:28:28.393675+00:00,ee90eb1b8289f431
maintain_ready,only_fused,2,1,0,35998640.0,ready,2026-10-08T15:28:28.448037+00:00,ee90eb1b8289f431
maintain_ready,only_buffers,2,1,0,32495477.0,ready,2026-10-08T15:28:28.497746+00:00,ee90eb1b8289f431
maintain_ready,only_bits,2,1,0,32520744.0,ready,2026-10-08T15:28:28.547730+00:00,ee90eb1b8289f431
maintain_ready,pgo_rayon2,2,1,0,27252558.0,ready,2026-10-08T15:28:28.591628+00:00,ee90eb1b8289f431
maintain_ready,rust_pgo,2,1,0,29397252.0,ready,2026-10-08T15:28:28.637402+00:00,ee90eb1b8289f431
expire_all,rust_pgo,2,1,0,9593306.0,sealed,2026-10-08T15:28:28.654706+00:00,a8c7f832281a39c5
expire_all,rust_native,2,1,0,9218201.0,sealed,2026-10-08T15:28:28.670753+00:00,a8c7f832281a39c5
expire_all,rust_lto,2,1,0,9200465.0,sealed,2026-10-08T15:28:28.687884+00:00,a8c7f832281a39c5
expire_all,rayon2,2,1,0,8224911.0,sealed,2026-10-08T15:28:28.703155+00:00,a8c7f832281a39c5
expire_all,rust_new,2,1,0,10390616.0,sealed,2026-10-08T15:28:28.720567+00:00,a8c7f832281a39c5
expire_all,rust_control,2,1,0,9536211.0,sealed,2026-10-08T15:28:28.737420+00:00,a8c7f832281a39c5
expire_all,rust_previous,2,1,0,9469252.0,sealed,2026-10-08T15:28:28.754295+00:00,a8c7f832281a39c5
expire_all,go,2,1,0,16044022,sealed,2026-10-08T15:28:28.779606+00:00,a8c7f832281a39c5
expire_all,pgo_rayon2,2,1,0,12193524.0,sealed,2026-10-08T15:28:28.799840+00:00,a8c7f832281a39c5
read_head_point,pgo_rayon2,2,7320,32,13553.910928961748,head,2026-10-08T15:28:28.903255+00:00,
read_head_point,rust_pgo,2,7320,32,13817.93961748634,head,2026-10-08T15:28:29.010016+00:00,
read_head_point,rust_native,2,7320,32,15241.63387978142,head,2026-10-08T15:28:29.126889+00:00,
read_head_point,rust_lto,2,7320,32,14919.732650273225,head,2026-10-08T15:28:29.240583+00:00,
read_head_point,rayon2,2,7320,32,15227.172540983607,head,2026-10-08T15:28:29.357501+00:00,
read_head_point,rust_new,2,7320,32,17848.715846994535,head,2026-10-08T15:28:29.492856+00:00,
read_head_point,rust_control,2,7320,32,17322.137295081968,head,2026-10-08T15:28:29.624892+00:00,
read_head_point,rust_previous,2,7320,32,16689.225409836065,head,2026-10-08T15:28:29.751906+00:00,
read_head_point,go,2,7320,32,58443.360792349726,head,2026-10-08T15:28:30.190388+00:00,
read_head_full8,only_bits,2,332,32,364772.3343373494,head,2026-10-08T15:28:30.327227+00:00,
read_head_full8,pgo_rayon2,2,332,32,191173.1686746988,head,2026-10-08T15:28:30.403311+00:00,
read_head_full8,rust_pgo,2,332,32,304004.5662650602,head,2026-10-08T15:28:30.516906+00:00,
read_head_full8,rust_native,2,332,32,351912.9307228916,head,2026-10-08T15:28:30.650709+00:00,
read_head_full8,rust_lto,2,332,32,348178.3072289157,head,2026-10-08T15:28:30.781786+00:00,
read_head_full8,rayon2,2,332,32,264823.4668674699,head,2026-10-08T15:28:30.880092+00:00,
read_head_full8,rust_new,2,332,32,300600.1596385542,head,2026-10-08T15:28:30.993427+00:00,
read_head_full8,rust_control,2,332,32,358892.656626506,head,2026-10-08T15:28:31.128292+00:00,
read_head_full8,rust_previous,2,332,32,345444.563253012,head,2026-10-08T15:28:31.258474+00:00,
read_head_full8,go,2,332,32,868492.1204819278,head,2026-10-08T15:28:31.581552+00:00,
read_head_full8,only_specialized,2,332,32,357009.8855421687,head,2026-10-08T15:28:31.715586+00:00,
read_head_full8,only_fused,2,332,32,341835.3222891566,head,2026-10-08T15:28:31.843897+00:00,
read_head_full8,only_buffers,2,332,32,330855.5210843373,head,2026-10-08T15:28:31.968211+00:00,
read_sealed_point,rust_previous,2,3893,32,30313.557153865913,sealed,2026-10-08T15:28:32.091583+00:00,
read_sealed_point,go,2,3893,32,105083.5635756486,sealed,2026-10-08T15:28:32.511037+00:00,
read_sealed_point,pgo_rayon2,2,3893,32,25872.90418700231,sealed,2026-10-08T15:28:32.617240+00:00,
read_sealed_point,rust_pgo,2,3893,32,27472.183149242228,sealed,2026-10-08T15:28:32.729338+00:00,
read_sealed_point,rust_native,2,3893,32,34916.14538916003,sealed,2026-10-08T15:28:32.871099+00:00,
read_sealed_point,rust_lto,2,3893,32,31115.324171590033,sealed,2026-10-08T15:28:32.997712+00:00,
read_sealed_point,rayon2,2,3893,32,30753.612638068327,sealed,2026-10-08T15:28:33.122930+00:00,
read_sealed_point,rust_new,2,3893,32,29812.304392499358,sealed,2026-10-08T15:28:33.244300+00:00,
read_sealed_point,rust_control,2,3893,32,31653.809144618546,sealed,2026-10-08T15:28:33.373076+00:00,
read_sealed_boundary,rust_control,2,653,32,200518.37672281777,sealed,2026-10-08T15:28:33.515140+00:00,
read_sealed_boundary,rust_previous,2,653,32,196171.269525268,sealed,2026-10-08T15:28:33.653241+00:00,
read_sealed_boundary,go,2,653,32,509233.17611026036,sealed,2026-10-08T15:28:34.014613+00:00,
read_sealed_boundary,pgo_rayon2,2,653,32,142689.8116385911,sealed,2026-10-08T15:28:34.117314+00:00,
read_sealed_boundary,rust_pgo,2,653,32,143692.09188361408,sealed,2026-10-08T15:28:34.220290+00:00,
read_sealed_boundary,rust_native,2,653,32,167369.94946401226,sealed,2026-10-08T15:28:34.339203+00:00,
read_sealed_boundary,rust_lto,2,653,32,178375.91424196018,sealed,2026-10-08T15:28:34.466257+00:00,
read_sealed_boundary,rayon2,2,653,32,210957.37825421133,sealed,2026-10-08T15:28:34.613827+00:00,
read_sealed_boundary,rust_new,2,653,32,195760.72281776415,sealed,2026-10-08T15:28:34.753836+00:00,
read_sealed_full8,rust_new,2,114,32,1064657.7807017544,sealed,2026-10-08T15:28:34.913695+00:00,
read_sealed_full8,rust_control,2,114,32,1179749.9824561405,sealed,2026-10-08T15:28:35.092809+00:00,
read_sealed_full8,rust_previous,2,114,32,1163882.201754386,sealed,2026-10-08T15:28:35.267848+00:00,
read_sealed_full8,go,2,114,32,2800433.263157895,sealed,2026-10-08T15:28:35.691098+00:00,
read_sealed_full8,pgo_rayon2,2,114,32,751486.1228070175,sealed,2026-10-08T15:28:35.818552+00:00,
read_sealed_full8,rust_pgo,2,114,32,842142.4736842106,sealed,2026-10-08T15:28:35.945822+00:00,
read_sealed_full8,rust_native,2,114,32,996903.5614035088,sealed,2026-10-08T15:28:36.097320+00:00,
read_sealed_full8,rust_lto,2,114,32,934789.6666666666,sealed,2026-10-08T15:28:36.238225+00:00,
read_sealed_full8,rayon2,2,114,32,741294.5087719298,sealed,2026-10-08T15:28:36.360662+00:00,
read_sealed_full16,go,2,58,32,4610909.655172414,sealed,2026-10-08T15:28:36.798416+00:00,
read_sealed_full16,only_specialized,2,58,32,2159013.9827586208,sealed,2026-10-08T15:28:36.998135+00:00,
read_sealed_full16,only_fused,2,58,32,2294785.0689655175,sealed,2026-10-08T15:28:37.206646+00:00,
read_sealed_full16,only_buffers,2,58,32,2192616.120689655,sealed,2026-10-08T15:28:37.409407+00:00,
read_sealed_full16,only_bits,2,58,32,2187879.8103448274,sealed,2026-10-08T15:28:37.608661+00:00,
read_sealed_full16,pgo_rayon2,2,58,32,1273182.3275862068,sealed,2026-10-08T15:28:37.733596+00:00,
read_sealed_full16,rust_pgo,2,58,32,1774185.8793103448,sealed,2026-10-08T15:28:37.901024+00:00,
read_sealed_full16,rust_native,2,58,32,2069865.0,sealed,2026-10-08T15:28:38.092928+00:00,
read_sealed_full16,rust_lto,2,58,32,2039201.8620689656,sealed,2026-10-08T15:28:38.279198+00:00,
read_sealed_full16,rayon2,2,58,32,1804887.8620689656,sealed,2026-10-08T15:28:38.445959+00:00,
read_sealed_full16,rust_new,2,58,32,1936720.0344827587,sealed,2026-10-08T15:28:38.623545+00:00,
read_sealed_full16,rust_control,2,58,32,2625494.827586207,sealed,2026-10-08T15:28:38.861870+00:00,
read_sealed_full16,rust_previous,2,58,32,2356130.0,sealed,2026-10-08T15:28:39.078837+00:00,
read_filtered_one,rust_lto,2,1059,32,128519.0462700661,sealed,2026-10-08T15:28:39.224517+00:00,
read_filtered_one,rayon2,2,1059,32,114940.38243626062,sealed,2026-10-08T15:28:39.357825+00:00,
read_filtered_one,rust_new,2,1059,32,115982.9565627951,sealed,2026-10-08T15:28:39.488531+00:00,
read_filtered_one,rust_control,2,1059,32,134248.80642115202,sealed,2026-10-08T15:28:39.639696+00:00,
read_filtered_one,rust_previous,2,1059,32,130231.97355996222,sealed,2026-10-08T15:28:39.786132+00:00,
read_filtered_one,go,2,1059,32,453741.79036827193,sealed,2026-10-08T15:28:40.289029+00:00,
read_filtered_one,pgo_rayon2,2,1059,32,93155.85930122757,sealed,2026-10-08T15:28:40.397921+00:00,
read_filtered_one,rust_pgo,2,1059,32,96501.69971671388,sealed,2026-10-08T15:28:40.507252+00:00,
read_filtered_one,rust_native,2,1059,32,117237.68932955619,sealed,2026-10-08T15:28:40.639836+00:00,
stream_sealed_full8,rust_native,2,130,32,903654.6615384616,sealed,2026-10-08T15:28:40.790844+00:00,
stream_sealed_full8,rust_lto,2,130,32,912652.5923076923,sealed,2026-10-08T15:28:40.945486+00:00,
stream_sealed_full8,rayon2,2,130,32,847251.9461538461,sealed,2026-10-08T15:28:41.086325+00:00,
stream_sealed_full8,rust_new,2,130,32,825617.0,sealed,2026-10-08T15:28:41.228056+00:00,
stream_sealed_full8,rust_control,2,130,32,1008883.4923076923,sealed,2026-10-08T15:28:41.393689+00:00,
stream_sealed_full8,rust_previous,2,130,32,939618.5076923077,sealed,2026-10-08T15:28:41.551112+00:00,
stream_sealed_full8,go,2,130,32,2612898.2230769233,sealed,2026-10-08T15:28:41.988359+00:00,
stream_sealed_full8,pgo_rayon2,2,130,32,591906.3153846153,sealed,2026-10-08T15:28:42.096669+00:00,
stream_sealed_full8,rust_pgo,2,130,32,667570.0,sealed,2026-10-08T15:28:42.212316+00:00,
read_where,rust_pgo,2,292,32,310327.05821917806,sealed,2026-10-08T15:28:42.317226+00:00,
read_where,rust_native,2,292,32,382868.7089041096,sealed,2026-10-08T15:28:42.445344+00:00,
read_where,rust_lto,2,292,32,420303.08904109587,sealed,2026-10-08T15:28:42.584874+00:00,
read_where,rayon2,2,292,32,511251.8116438356,sealed,2026-10-08T15:28:42.754003+00:00,
read_where,rust_new,2,292,32,410513.66780821915,sealed,2026-10-08T15:28:42.891241+00:00,
read_where,rust_control,2,292,32,442002.83904109587,sealed,2026-10-08T15:28:43.039874+00:00,
read_where,rust_previous,2,292,32,440840.8116438356,sealed,2026-10-08T15:28:43.187550+00:00,
read_where,go,2,292,32,1100888.2705479453,sealed,2026-10-08T15:28:43.554238+00:00,
read_where,pgo_rayon2,2,292,32,362787.2397260274,sealed,2026-10-08T15:28:43.677092+00:00,
read_prefix,pgo_rayon2,2,804,32,111228.98383084577,sealed,2026-10-08T15:28:43.774690+00:00,
read_prefix,rust_pgo,2,804,32,113340.36815920398,sealed,2026-10-08T15:28:43.873817+00:00,
read_prefix,rust_native,2,804,32,132052.7524875622,sealed,2026-10-08T15:28:43.988568+00:00,
read_prefix,rust_lto,2,804,32,131991.73009950249,sealed,2026-10-08T15:28:44.103411+00:00,
read_prefix,rayon2,2,804,32,133099.01492537314,sealed,2026-10-08T15:28:44.219830+00:00,
read_prefix,rust_new,2,804,32,149160.89925373133,sealed,2026-10-08T15:28:44.348479+00:00,
read_prefix,rust_control,2,804,32,188117.46393034825,sealed,2026-10-08T15:28:44.510156+00:00,
read_prefix,rust_previous,2,804,32,160712.23631840796,sealed,2026-10-08T15:28:44.652413+00:00,
read_prefix,go,2,804,32,386126.02363184077,sealed,2026-10-08T15:28:44.984084+00:00,
read_noneof,go,2,155,32,2068858.264516129,sealed,2026-10-08T15:28:45.379744+00:00,
read_noneof,pgo_rayon2,2,155,32,599239.9354838709,sealed,2026-10-08T15:28:45.494992+00:00,
read_noneof,rust_pgo,2,155,32,628851.8838709678,sealed,2026-10-08T15:28:45.616174+00:00,
read_noneof,rust_native,2,155,32,878288.3354838709,sealed,2026-10-08T15:28:45.780802+00:00,
read_noneof,rust_lto,2,155,32,911031.9096774193,sealed,2026-10-08T15:28:45.958651+00:00,
read_noneof,rayon2,2,155,32,683646.4516129033,sealed,2026-10-08T15:28:46.092219+00:00,
read_noneof,rust_new,2,155,32,911948.5548387096,sealed,2026-10-08T15:28:46.265726+00:00,
read_noneof,rust_control,2,155,32,960934.3354838709,sealed,2026-10-08T15:28:46.450998+00:00,
read_noneof,rust_previous,2,155,32,843629.6451612903,sealed,2026-10-08T15:28:46.615844+00:00,
read_since,rust_previous,2,383,32,303552.545691906,sealed,2026-10-08T15:28:46.745951+00:00,
read_since,go,2,383,32,894588.6657963446,sealed,2026-10-08T15:28:47.124519+00:00,
read_since,pgo_rayon2,2,383,32,304133.43342036556,sealed,2026-10-08T15:28:47.254661+00:00,
read_since,rust_pgo,2,383,32,224696.11488250652,sealed,2026-10-08T15:28:47.351958+00:00,
read_since,rust_native,2,383,32,285027.5404699739,sealed,2026-10-08T15:28:47.474565+00:00,
read_since,rust_lto,2,383,32,286725.454308094,sealed,2026-10-08T15:28:47.598564+00:00,
read_since,rayon2,2,383,32,384988.57963446475,sealed,2026-10-08T15:28:47.759421+00:00,
read_since,rust_new,2,383,32,333442.32114882505,sealed,2026-10-08T15:28:47.904747+00:00,
read_since,rust_control,2,383,32,329814.95561357704,sealed,2026-10-08T15:28:48.047400+00:00,
aggregate_count,rust_control,2,622,32,157571.692926045,sealed,2026-10-08T15:28:48.155534+00:00,
aggregate_count,rust_previous,2,622,32,164421.36655948553,sealed,2026-10-08T15:28:48.268651+00:00,
aggregate_count,go,2,622,32,448812.47749196144,sealed,2026-10-08T15:28:48.569540+00:00,
aggregate_count,pgo_rayon2,2,622,32,145193.40353697748,sealed,2026-10-08T15:28:48.668853+00:00,
aggregate_count,rust_pgo,2,622,32,131574.87138263666,sealed,2026-10-08T15:28:48.759578+00:00,
aggregate_count,rust_native,2,622,32,157393.6961414791,sealed,2026-10-08T15:28:48.866507+00:00,
aggregate_count,rust_lto,2,622,32,152803.02572347267,sealed,2026-10-08T15:28:48.970281+00:00,
aggregate_count,rayon2,2,622,32,193245.18810289388,sealed,2026-10-08T15:28:49.100534+00:00,
aggregate_count,rust_new,2,622,32,177264.4839228296,sealed,2026-10-08T15:28:49.220899+00:00,
aggregate_sum,pgo_rayon2,2,565,32,138949.66017699116,sealed,2026-10-08T15:28:49.311190+00:00,
aggregate_sum,rust_pgo,2,565,32,137622.26194690267,sealed,2026-10-08T15:28:49.397870+00:00,
aggregate_sum,rust_native,2,565,32,174425.03008849558,sealed,2026-10-08T15:28:49.506598+00:00,
aggregate_sum,rust_lto,2,565,32,182132.09911504426,sealed,2026-10-08T15:28:49.620039+00:00,
aggregate_sum,rayon2,2,565,32,217177.38230088496,sealed,2026-10-08T15:28:49.755235+00:00,
aggregate_sum,rust_new,2,565,32,182228.1539823009,sealed,2026-10-08T15:28:49.871110+00:00,
aggregate_sum,rust_control,2,565,32,170753.89734513275,sealed,2026-10-08T15:28:49.977078+00:00,
aggregate_sum,rust_previous,2,565,32,171988.73274336284,sealed,2026-10-08T15:28:50.084237+00:00,
aggregate_sum,go,2,565,32,375342.98584070796,sealed,2026-10-08T15:28:50.318604+00:00,
aggregate_sum,only_specialized,2,565,32,174479.78407079645,sealed,2026-10-08T15:28:50.427210+00:00,
aggregate_sum,only_fused,2,565,32,182372.06548672565,sealed,2026-10-08T15:28:50.539850+00:00,
aggregate_sum,only_buffers,2,565,32,173830.11327433627,sealed,2026-10-08T15:28:50.647799+00:00,
aggregate_sum,only_bits,2,565,32,182125.18584070797,sealed,2026-10-08T15:28:50.760743+00:00,
aggregate_avg,rayon2,2,573,32,191059.55322862128,sealed,2026-10-08T15:28:50.880146+00:00,
aggregate_avg,rust_new,2,573,32,174764.47643979057,sealed,2026-10-08T15:28:50.990194+00:00,
aggregate_avg,rust_control,2,573,32,182412.32286212913,sealed,2026-10-08T15:28:51.104663+00:00,
aggregate_avg,rust_previous,2,573,32,187702.75218150087,sealed,2026-10-08T15:28:51.224149+00:00,
aggregate_avg,go,2,573,32,382609.2547993019,sealed,2026-10-08T15:28:51.465415+00:00,
aggregate_avg,pgo_rayon2,2,573,32,165739.42582897033,sealed,2026-10-08T15:28:51.571040+00:00,
aggregate_avg,rust_pgo,2,573,32,148626.33333333334,sealed,2026-10-08T15:28:51.665963+00:00,
aggregate_avg,rust_native,2,573,32,169249.9790575916,sealed,2026-10-08T15:28:51.772709+00:00,
aggregate_avg,rust_lto,2,573,32,171503.85689354275,sealed,2026-10-08T15:28:51.881611+00:00,
aggregate_min,rust_lto,2,701,32,145889.86447931526,sealed,2026-10-08T15:28:51.992829+00:00,
aggregate_min,rayon2,2,701,32,177963.8544935806,sealed,2026-10-08T15:28:52.128599+00:00,
aggregate_min,rust_new,2,701,32,158247.15549215407,sealed,2026-10-08T15:28:52.248988+00:00,
aggregate_min,rust_control,2,701,32,158171.73609129814,sealed,2026-10-08T15:28:52.368986+00:00,
aggregate_min,rust_previous,2,701,32,151827.8673323823,sealed,2026-10-08T15:28:52.484393+00:00,
aggregate_min,go,2,701,32,372770.5934379458,sealed,2026-10-08T15:28:52.767214+00:00,
aggregate_min,pgo_rayon2,2,701,32,122490.64051355206,sealed,2026-10-08T15:28:52.864399+00:00,
aggregate_min,rust_pgo,2,701,32,128215.81883024251,sealed,2026-10-08T15:28:52.962782+00:00,
aggregate_min,rust_native,2,701,32,143635.28815977176,sealed,2026-10-08T15:28:53.072280+00:00,
aggregate_max,rust_native,2,845,32,139502.175147929,sealed,2026-10-08T15:28:53.199151+00:00,
aggregate_max,rust_lto,2,845,32,151942.5526627219,sealed,2026-10-08T15:28:53.337349+00:00,
aggregate_max,rayon2,2,845,32,153472.10414201184,sealed,2026-10-08T15:28:53.478358+00:00,
aggregate_max,rust_new,2,845,32,149031.34437869824,sealed,2026-10-08T15:28:53.613825+00:00,
aggregate_max,rust_control,2,845,32,150555.81301775147,sealed,2026-10-08T15:28:53.750171+00:00,
aggregate_max,rust_previous,2,845,32,150242.6047337278,sealed,2026-10-08T15:28:53.885825+00:00,
aggregate_max,go,2,845,32,389254.32899408287,sealed,2026-10-08T15:28:54.236862+00:00,
aggregate_max,pgo_rayon2,2,845,32,134715.83786982248,sealed,2026-10-08T15:28:54.359176+00:00,
aggregate_max,rust_pgo,2,845,32,154532.45562130178,sealed,2026-10-08T15:28:54.504287+00:00,
aggregate_delta,rust_pgo,2,720,32,154336.2763888889,sealed,2026-10-08T15:28:54.624871+00:00,
aggregate_delta,rust_native,2,720,32,162460.25694444444,sealed,2026-10-08T15:28:54.751907+00:00,
aggregate_delta,rust_lto,2,720,32,161468.525,sealed,2026-10-08T15:28:54.877724+00:00,
aggregate_delta,rayon2,2,720,32,186883.375,sealed,2026-10-08T15:28:55.023276+00:00,
aggregate_delta,rust_new,2,720,32,165757.275,sealed,2026-10-08T15:28:55.152509+00:00,
aggregate_delta,rust_control,2,720,32,164074.64583333334,sealed,2026-10-08T15:28:55.279871+00:00,
aggregate_delta,rust_previous,2,720,32,166052.07222222222,sealed,2026-10-08T15:28:55.409380+00:00,
aggregate_delta,go,2,720,32,382472.7944444445,sealed,2026-10-08T15:28:55.707653+00:00,
aggregate_delta,pgo_rayon2,2,720,32,151560.53055555557,sealed,2026-10-08T15:28:55.828193+00:00,
aggregate_increase,pgo_rayon2,2,544,32,178169.95955882352,sealed,2026-10-08T15:28:55.936004+00:00,
aggregate_increase,rust_pgo,2,544,32,161543.58823529413,sealed,2026-10-08T15:28:56.033543+00:00,
aggregate_increase,rust_native,2,544,32,190960.70955882352,sealed,2026-10-08T15:28:56.148283+00:00,
aggregate_increase,rust_lto,2,544,32,211550.59375,sealed,2026-10-08T15:28:56.275167+00:00,
aggregate_increase,rayon2,2,544,32,236206.7150735294,sealed,2026-10-08T15:28:56.416492+00:00,
aggregate_increase,rust_new,2,544,32,224082.43014705883,sealed,2026-10-08T15:28:56.549725+00:00,
aggregate_increase,rust_control,2,544,32,218681.4411764706,sealed,2026-10-08T15:28:56.679938+00:00,
aggregate_increase,rust_previous,2,544,32,217486.14338235295,sealed,2026-10-08T15:28:56.809142+00:00,
aggregate_increase,go,2,544,32,422119.4393382353,sealed,2026-10-08T15:28:57.061631+00:00,
aggregate_rate,go,2,560,32,412028.3178571428,sealed,2026-10-08T15:28:57.314667+00:00,
aggregate_rate,pgo_rayon2,2,560,32,161434.63571428572,sealed,2026-10-08T15:28:57.415409+00:00,
aggregate_rate,rust_pgo,2,560,32,157307.7785714286,sealed,2026-10-08T15:28:57.512556+00:00,
aggregate_rate,rust_native,2,560,32,191874.61785714285,sealed,2026-10-08T15:28:57.630336+00:00,
aggregate_rate,rust_lto,2,560,32,199674.17678571428,sealed,2026-10-08T15:28:57.753644+00:00,
aggregate_rate,rayon2,2,560,32,211059.5267857143,sealed,2026-10-08T15:28:57.883658+00:00,
aggregate_rate,rust_new,2,560,32,220976.79285714286,sealed,2026-10-08T15:28:58.018603+00:00,
aggregate_rate,rust_control,2,560,32,232367.35892857143,sealed,2026-10-08T15:28:58.160747+00:00,
aggregate_rate,rust_previous,2,560,32,212442.55714285714,sealed,2026-10-08T15:28:58.296914+00:00,
aggregate_cut_sum,rust_control,2,140,32,823776.8928571428,sealed,2026-10-08T15:28:58.441681+00:00,
aggregate_cut_sum,rust_previous,2,140,32,822236.05,sealed,2026-10-08T15:28:58.587738+00:00,
aggregate_cut_sum,go,2,140,32,2221879.507142857,sealed,2026-10-08T15:28:58.977207+00:00,
aggregate_cut_sum,only_specialized,2,140,32,721534.2214285714,sealed,2026-10-08T15:28:59.107376+00:00,
aggregate_cut_sum,only_fused,2,140,32,789299.9357142857,sealed,2026-10-08T15:28:59.247682+00:00,
aggregate_cut_sum,only_buffers,2,140,32,808195.6928571429,sealed,2026-10-08T15:28:59.391686+00:00,
aggregate_cut_sum,only_bits,2,140,32,746020.3214285715,sealed,2026-10-08T15:28:59.524650+00:00,
aggregate_cut_sum,pgo_rayon2,2,140,32,526233.1785714285,sealed,2026-10-08T15:28:59.618129+00:00,
aggregate_cut_sum,rust_pgo,2,140,32,577219.2785714286,sealed,2026-10-08T15:28:59.719044+00:00,
aggregate_cut_sum,rust_native,2,140,32,831618.8571428572,sealed,2026-10-08T15:28:59.862874+00:00,
aggregate_cut_sum,rust_lto,2,140,32,972138.4714285714,sealed,2026-10-08T15:29:00.035322+00:00,
aggregate_cut_sum,rayon2,2,140,32,748802.2214285714,sealed,2026-10-08T15:29:00.166152+00:00,
aggregate_cut_sum,rust_new,2,140,32,824859.4714285714,sealed,2026-10-08T15:29:00.311590+00:00,
aggregate_cut_avg,rust_control,2,131,32,879999.106870229,sealed,2026-10-08T15:29:00.458168+00:00,
aggregate_cut_avg,rust_previous,2,131,32,938931.8244274809,sealed,2026-10-08T15:29:00.615620+00:00,
aggregate_cut_avg,go,2,131,32,2539842.419847328,sealed,2026-10-08T15:29:01.037890+00:00,
aggregate_cut_avg,pgo_rayon2,2,131,32,613469.8396946564,sealed,2026-10-08T15:29:01.152361+00:00,
aggregate_cut_avg,rust_pgo,2,131,32,558311.4885496183,sealed,2026-10-08T15:29:01.249674+00:00,
aggregate_cut_avg,rust_native,2,131,32,638380.679389313,sealed,2026-10-08T15:29:01.359133+00:00,
aggregate_cut_avg,rust_lto,2,131,32,797254.4809160306,sealed,2026-10-08T15:29:01.490494+00:00,
aggregate_cut_avg,rayon2,2,131,32,710124.7175572519,sealed,2026-10-08T15:29:01.608234+00:00,
aggregate_cut_avg,rust_new,2,131,32,715579.4351145038,sealed,2026-10-08T15:29:01.729213+00:00,
aggregate_grouped_sum,rust_new,2,669,32,200194.20926756354,sealed,2026-10-08T15:29:01.874103+00:00,
aggregate_grouped_sum,rust_control,2,669,32,206040.13901345292,sealed,2026-10-08T15:29:02.024064+00:00,
aggregate_grouped_sum,rust_previous,2,669,32,195212.76980568012,sealed,2026-10-08T15:29:02.164225+00:00,
aggregate_grouped_sum,go,2,669,32,436153.41106128553,sealed,2026-10-08T15:29:02.478223+00:00,
aggregate_grouped_sum,pgo_rayon2,2,669,32,150246.45889387146,sealed,2026-10-08T15:29:02.588291+00:00,
aggregate_grouped_sum,rust_pgo,2,669,32,132273.9865470852,sealed,2026-10-08T15:29:02.689151+00:00,
aggregate_grouped_sum,rust_native,2,669,32,166597.11509715993,sealed,2026-10-08T15:29:02.809883+00:00,
aggregate_grouped_sum,rust_lto,2,669,32,196148.49028400597,sealed,2026-10-08T15:29:02.951016+00:00,
aggregate_grouped_sum,rayon2,2,669,32,182178.17040358746,sealed,2026-10-08T15:29:03.083398+00:00,
aggregate_grouped_increase,rayon2,2,515,32,215616.93398058251,sealed,2026-10-08T15:29:03.206429+00:00,
aggregate_grouped_increase,rust_new,2,515,32,224547.53009708738,sealed,2026-10-08T15:29:03.333495+00:00,
aggregate_grouped_increase,rust_control,2,515,32,220127.80388349516,sealed,2026-10-08T15:29:03.458257+00:00,
aggregate_grouped_increase,rust_previous,2,515,32,221287.10097087378,sealed,2026-10-08T15:29:03.583770+00:00,
aggregate_grouped_increase,go,2,515,32,433142.47572815535,sealed,2026-10-08T15:29:03.830611+00:00,
aggregate_grouped_increase,pgo_rayon2,2,515,32,165457.04660194175,sealed,2026-10-08T15:29:03.925304+00:00,
aggregate_grouped_increase,rust_pgo,2,515,32,163872.0485436893,sealed,2026-10-08T15:29:04.019208+00:00,
aggregate_grouped_increase,rust_native,2,515,32,199743.56504854368,sealed,2026-10-08T15:29:04.132936+00:00,
aggregate_grouped_increase,rust_lto,2,515,32,210332.77281553397,sealed,2026-10-08T15:29:04.252210+00:00,
read_wide64,rust_native,2,41,32,2597672.2682926827,wide,2026-10-08T15:29:04.446857+00:00,
read_wide64,rust_lto,2,41,32,2568431.3414634145,wide,2026-10-08T15:29:04.641607+00:00,
read_wide64,rayon2,2,41,32,2968086.0,wide,2026-10-08T15:29:04.830468+00:00,
read_wide64,rust_new,2,41,32,2446323.048780488,wide,2026-10-08T15:29:05.013847+00:00,
read_wide64,rust_control,2,41,32,2684352.6585365855,wide,2026-10-08T15:29:05.212954+00:00,
read_wide64,rust_previous,2,41,32,2770178.463414634,wide,2026-10-08T15:29:05.415544+00:00,
read_wide64,go,2,41,32,6668338.073170732,wide,2026-10-08T15:29:05.890844+00:00,
read_wide64,only_specialized,2,41,32,2831282.8048780486,wide,2026-10-08T15:29:06.101868+00:00,
read_wide64,only_fused,2,41,32,2727600.073170732,wide,2026-10-08T15:29:06.306482+00:00,
read_wide64,only_buffers,2,41,32,2760296.024390244,wide,2026-10-08T15:29:06.515847+00:00,
read_wide64,only_bits,2,41,32,2895203.2439024393,wide,2026-10-08T15:29:06.724849+00:00,
read_wide64,pgo_rayon2,2,41,32,2172695.3902439023,wide,2026-10-08T15:29:06.882606+00:00,
read_wide64,rust_pgo,2,41,32,2056038.0975609757,wide,2026-10-08T15:29:07.035043+00:00,
stream_wide64,rust_native,2,54,32,2053589.7222222222,wide,2026-10-08T15:29:07.215972+00:00,
stream_wide64,rust_lto,2,54,32,2026614.2407407407,wide,2026-10-08T15:29:07.393777+00:00,
stream_wide64,rayon2,2,54,32,2224098.7592592593,wide,2026-10-08T15:29:07.584405+00:00,
stream_wide64,rust_new,2,54,32,2107647.2592592593,wide,2026-10-08T15:29:07.767735+00:00,
stream_wide64,rust_control,2,54,32,2269427.425925926,wide,2026-10-08T15:29:07.968298+00:00,
stream_wide64,rust_previous,2,54,32,2270484.3518518517,wide,2026-10-08T15:29:08.170531+00:00,
stream_wide64,go,2,54,32,5615329.944444444,wide,2026-10-08T15:29:08.666779+00:00,
stream_wide64,pgo_rayon2,2,54,32,1738994.4259259258,wide,2026-10-08T15:29:08.829393+00:00,
stream_wide64,rust_pgo,2,54,32,1632067.648148148,wide,2026-10-08T15:29:08.974095+00:00,
aggregate_wide_sum,rust_pgo,2,183,32,501092.86338797817,wide,2026-10-08T15:29:09.086540+00:00,
aggregate_wide_sum,rust_native,2,183,32,663064.0273224043,wide,2026-10-08T15:29:09.232985+00:00,
aggregate_wide_sum,rust_lto,2,183,32,662604.4644808744,wide,2026-10-08T15:29:09.380250+00:00,
aggregate_wide_sum,rayon2,2,183,32,685563.6939890711,wide,2026-10-08T15:29:09.533061+00:00,
aggregate_wide_sum,rust_new,2,183,32,664214.4535519126,wide,2026-10-08T15:29:09.680593+00:00,
aggregate_wide_sum,rust_control,2,183,32,706817.0054644808,wide,2026-10-08T15:29:09.836782+00:00,
aggregate_wide_sum,rust_previous,2,183,32,678831.7595628415,wide,2026-10-08T15:29:09.989504+00:00,
aggregate_wide_sum,go,2,183,32,1244488.1584699454,wide,2026-10-08T15:29:10.270226+00:00,
aggregate_wide_sum,pgo_rayon2,2,183,32,539043.8415300547,wide,2026-10-08T15:29:10.390753+00:00,
aggregate_wide_cut_sum,only_bits,2,58,32,2081998.9137931035,wide,2026-10-08T15:29:10.582334+00:00,
aggregate_wide_cut_sum,pgo_rayon2,2,58,32,1639498.7758620689,wide,2026-10-08T15:29:10.727955+00:00,
aggregate_wide_cut_sum,rust_pgo,2,58,32,1454054.396551724,wide,2026-10-08T15:29:10.862490+00:00,
aggregate_wide_cut_sum,rust_native,2,58,32,1812557.551724138,wide,2026-10-08T15:29:11.031837+00:00,
aggregate_wide_cut_sum,rust_lto,2,58,32,1724546.2758620689,wide,2026-10-08T15:29:11.192775+00:00,
aggregate_wide_cut_sum,rayon2,2,58,32,2141810.0172413792,wide,2026-10-08T15:29:11.383337+00:00,
aggregate_wide_cut_sum,rust_new,2,58,32,1856848.2068965517,wide,2026-10-08T15:29:11.554806+00:00,
aggregate_wide_cut_sum,rust_control,2,58,32,2159858.4310344825,wide,2026-10-08T15:29:11.754844+00:00,
aggregate_wide_cut_sum,rust_previous,2,58,32,2093948.4827586208,wide,2026-10-08T15:29:11.947851+00:00,
aggregate_wide_cut_sum,go,2,58,32,5190275.672413793,wide,2026-10-08T15:29:12.426980+00:00,
aggregate_wide_cut_sum,only_specialized,2,58,32,1884592.7586206896,wide,2026-10-08T15:29:12.602213+00:00,
aggregate_wide_cut_sum,only_fused,2,58,32,2257628.827586207,wide,2026-10-08T15:29:12.806192+00:00,
aggregate_wide_cut_sum,only_buffers,2,58,32,2416201.6551724137,wide,2026-10-08T15:29:13.024548+00:00,
aggregate_wide_cut_avg,go,2,52,32,5254663.576923077,wide,2026-10-08T15:29:13.476661+00:00,
aggregate_wide_cut_avg,pgo_rayon2,2,52,32,1593293.0576923077,wide,2026-10-08T15:29:13.615114+00:00,
aggregate_wide_cut_avg,rust_pgo,2,52,32,1460556.7884615385,wide,2026-10-08T15:29:13.743636+00:00,
aggregate_wide_cut_avg,rust_native,2,52,32,1698056.3846153845,wide,2026-10-08T15:29:13.892571+00:00,
aggregate_wide_cut_avg,rust_lto,2,52,32,1765136.0384615385,wide,2026-10-08T15:29:14.046946+00:00,
aggregate_wide_cut_avg,rayon2,2,52,32,1783705.7115384615,wide,2026-10-08T15:29:14.209120+00:00,
aggregate_wide_cut_avg,rust_new,2,52,32,1901000.1923076923,wide,2026-10-08T15:29:14.372897+00:00,
aggregate_wide_cut_avg,rust_control,2,52,32,2189388.346153846,wide,2026-10-08T15:29:14.559402+00:00,
aggregate_wide_cut_avg,rust_previous,2,52,32,2257357.019230769,wide,2026-10-08T15:29:14.754738+00:00,
aggregate_wide_cut_count,rust_previous,2,55,32,2427984.290909091,wide,2026-10-08T15:29:14.980402+00:00,
aggregate_wide_cut_count,go,2,55,32,6231424.545454546,wide,2026-10-08T15:29:15.509540+00:00,
aggregate_wide_cut_count,pgo_rayon2,2,55,32,1526942.5818181818,wide,2026-10-08T15:29:15.655669+00:00,
aggregate_wide_cut_count,rust_pgo,2,55,32,1426341.709090909,wide,2026-10-08T15:29:15.794281+00:00,
aggregate_wide_cut_count,rust_native,2,55,32,1789782.309090909,wide,2026-10-08T15:29:15.960142+00:00,
aggregate_wide_cut_count,rust_lto,2,55,32,1608834.1454545455,wide,2026-10-08T15:29:16.108328+00:00,
aggregate_wide_cut_count,rayon2,2,55,32,2019236.4545454546,wide,2026-10-08T15:29:16.289157+00:00,
aggregate_wide_cut_count,rust_new,2,55,32,1793180.6,wide,2026-10-08T15:29:16.458784+00:00,
aggregate_wide_cut_count,rust_control,2,55,32,2230358.3636363638,wide,2026-10-08T15:29:16.657767+00:00,
aggregate_wide_grouped_cut_sum,only_specialized,2,54,32,2101408.0185185187,wide,2026-10-08T15:29:16.849294+00:00,
aggregate_wide_grouped_cut_sum,only_fused,2,54,32,2799891.962962963,wide,2026-10-08T15:29:17.084704+00:00,
aggregate_wide_grouped_cut_sum,only_buffers,2,54,32,3168563.1481481483,wide,2026-10-08T15:29:17.345213+00:00,
aggregate_wide_grouped_cut_sum,only_bits,2,54,32,2369593.092592593,wide,2026-10-08T15:29:17.563642+00:00,
aggregate_wide_grouped_cut_sum,pgo_rayon2,2,54,32,1869094.9444444445,wide,2026-10-08T15:29:17.739512+00:00,
aggregate_wide_grouped_cut_sum,rust_pgo,2,54,32,1510733.7407407407,wide,2026-10-08T15:29:17.875473+00:00,
aggregate_wide_grouped_cut_sum,rust_native,2,54,32,1685125.0740740742,wide,2026-10-08T15:29:18.025666+00:00,
aggregate_wide_grouped_cut_sum,rust_lto,2,54,32,1675417.1851851852,wide,2026-10-08T15:29:18.174414+00:00,
aggregate_wide_grouped_cut_sum,rayon2,2,54,32,2265948.0185185187,wide,2026-10-08T15:29:18.398274+00:00,
aggregate_wide_grouped_cut_sum,rust_new,2,54,32,1927736.4444444445,wide,2026-10-08T15:29:18.567901+00:00,
aggregate_wide_grouped_cut_sum,rust_control,2,54,32,2167224.314814815,wide,2026-10-08T15:29:18.762083+00:00,
aggregate_wide_grouped_cut_sum,rust_previous,2,54,32,2184632.685185185,wide,2026-10-08T15:29:18.952305+00:00,
aggregate_wide_grouped_cut_sum,go,2,54,32,5234254.611111111,wide,2026-10-08T15:29:19.417578+00:00,
read_edge,rust_new,2,412,32,184277.11893203884,edge,2026-10-08T15:29:19.504409+00:00,
read_edge,rust_control,2,412,32,213216.62621359224,edge,2026-10-08T15:29:19.604203+00:00,
read_edge,rust_previous,2,412,32,201281.6796116505,edge,2026-10-08T15:29:19.698387+00:00,
read_edge,go,2,412,32,602175.072815534,edge,2026-10-08T15:29:19.975120+00:00,
read_edge,pgo_rayon2,2,412,32,194396.53883495147,edge,2026-10-08T15:29:20.067613+00:00,
read_edge,rust_pgo,2,412,32,155801.11650485438,edge,2026-10-08T15:29:20.141102+00:00,
read_edge,rust_native,2,412,32,174633.99029126213,edge,2026-10-08T15:29:20.222675+00:00,
read_edge,rust_lto,2,412,32,174485.05825242717,edge,2026-10-08T15:29:20.304827+00:00,
read_edge,rayon2,2,412,32,206016.01941747573,edge,2026-10-08T15:29:20.401074+00:00,
aggregate_edge_sum_3,rayon2,2,8234,32,16244.940976439155,edge,2026-10-08T15:29:20.539678+00:00,
aggregate_edge_sum_3,rust_new,2,8234,32,18553.00595093515,edge,2026-10-08T15:29:20.698730+00:00,
aggregate_edge_sum_3,rust_control,2,8234,32,17270.282244352686,edge,2026-10-08T15:29:20.845693+00:00,
aggregate_edge_sum_3,rust_previous,2,8234,32,16408.305319407336,edge,2026-10-08T15:29:20.986014+00:00,
aggregate_edge_sum_3,go,2,8234,32,59278.74228807384,edge,2026-10-08T15:29:21.484111+00:00,
aggregate_edge_sum_3,pgo_rayon2,2,8234,32,15163.444255525868,edge,2026-10-08T15:29:21.613992+00:00,
aggregate_edge_sum_3,rust_pgo,2,8234,32,14765.547364585864,edge,2026-10-08T15:29:21.739799+00:00,
aggregate_edge_sum_3,rust_native,2,8234,32,15917.002428953121,edge,2026-10-08T15:29:21.875522+00:00,
aggregate_edge_sum_3,rust_lto,2,8234,32,15010.940854991499,edge,2026-10-08T15:29:22.004539+00:00,
aggregate_edge_increase_10,rust_lto,2,8005,32,15908.219862585884,edge,2026-10-08T15:29:22.136559+00:00,
aggregate_edge_increase_10,rayon2,2,8005,32,16265.077201748907,edge,2026-10-08T15:29:22.271819+00:00,
aggregate_edge_increase_10,rust_new,2,8005,32,16592.447970018737,edge,2026-10-08T15:29:22.409646+00:00,
aggregate_edge_increase_10,rust_control,2,8005,32,16557.394253591505,edge,2026-10-08T15:29:22.546990+00:00,
aggregate_edge_increase_10,rust_previous,2,8005,32,17132.65034353529,edge,2026-10-08T15:29:22.689709+00:00,
aggregate_edge_increase_10,go,2,8005,32,58251.981761399125,edge,2026-10-08T15:29:23.166188+00:00,
aggregate_edge_increase_10,pgo_rayon2,2,8005,32,15165.676702061211,edge,2026-10-08T15:29:23.292923+00:00,
aggregate_edge_increase_10,rust_pgo,2,8005,32,13884.707807620238,edge,2026-10-08T15:29:23.408540+00:00,
aggregate_edge_increase_10,rust_native,2,8005,32,16980.543910056214,edge,2026-10-08T15:29:23.550423+00:00,
ingest_append1,rust_control,3,188,32,389323.96276595746,head,2026-10-08T15:29:23.650546+00:00,6373a511df1bdd02
ingest_append1,rust_new,3,188,32,351522.85638297873,head,2026-10-08T15:29:23.742226+00:00,6373a511df1bdd02
ingest_append1,rayon2,3,188,32,327102.72340425535,head,2026-10-08T15:29:23.828253+00:00,6373a511df1bdd02
ingest_append1,rust_lto,3,188,32,336081.3882978723,head,2026-10-08T15:29:23.916240+00:00,6373a511df1bdd02
ingest_append1,rust_native,3,188,32,367655.1914893617,head,2026-10-08T15:29:24.011001+00:00,6373a511df1bdd02
ingest_append1,rust_pgo,3,188,32,342096.0319148936,head,2026-10-08T15:29:24.101208+00:00,6373a511df1bdd02
ingest_append1,pgo_rayon2,3,188,32,316006.5691489362,head,2026-10-08T15:29:24.184395+00:00,6373a511df1bdd02
ingest_append1,go,3,188,32,644321.3031914893,head,2026-10-08T15:29:24.342749+00:00,6373a511df1bdd02
ingest_append1,rust_previous,3,188,32,476736.3404255319,head,2026-10-08T15:29:24.470268+00:00,6373a511df1bdd02
ingest_replace1,rust_new,3,213,32,809401.6150234742,head,2026-10-08T15:29:24.680819+00:00,f41c14909290570b
ingest_replace1,rayon2,3,213,32,471608.07042253524,head,2026-10-08T15:29:24.812858+00:00,f41c14909290570b
ingest_replace1,rust_lto,3,213,32,465350.26291079813,head,2026-10-08T15:29:24.940646+00:00,f41c14909290570b
ingest_replace1,rust_native,3,213,32,546412.9577464788,head,2026-10-08T15:29:25.086790+00:00,f41c14909290570b
ingest_replace1,rust_pgo,3,213,32,484410.7981220657,head,2026-10-08T15:29:25.221259+00:00,f41c14909290570b
ingest_replace1,pgo_rayon2,3,213,32,434932.6901408451,head,2026-10-08T15:29:25.344169+00:00,f41c14909290570b
ingest_replace1,go,3,213,32,826079.5399061033,head,2026-10-08T15:29:25.562708+00:00,f41c14909290570b
ingest_replace1,rust_previous,3,213,32,523675.73708920187,head,2026-10-08T15:29:25.704462+00:00,f41c14909290570b
ingest_replace1,rust_control,3,213,32,545624.8169014085,head,2026-10-08T15:29:25.853341+00:00,f41c14909290570b
ingest_scrape100,rayon2,3,50,32,2399440.76,scrape,2026-10-08T15:29:26.028675+00:00,24b09eda68730c72
ingest_scrape100,rust_lto,3,50,32,3274732.64,scrape,2026-10-08T15:29:26.277240+00:00,24b09eda68730c72
ingest_scrape100,rust_native,3,50,32,2629961.3,scrape,2026-10-08T15:29:26.468403+00:00,24b09eda68730c72
ingest_scrape100,rust_pgo,3,50,32,2381683.46,scrape,2026-10-08T15:29:26.644316+00:00,24b09eda68730c72
ingest_scrape100,pgo_rayon2,3,50,32,2396832.28,scrape,2026-10-08T15:29:26.819132+00:00,24b09eda68730c72
ingest_scrape100,only_bits,3,50,32,2617216.26,scrape,2026-10-08T15:29:27.011534+00:00,24b09eda68730c72
ingest_scrape100,only_buffers,3,50,32,2530058.66,scrape,2026-10-08T15:29:27.204070+00:00,24b09eda68730c72
ingest_scrape100,only_fused,3,50,32,2919665.36,scrape,2026-10-08T15:29:27.408495+00:00,24b09eda68730c72
ingest_scrape100,only_specialized,3,50,32,2585783.02,scrape,2026-10-08T15:29:27.598831+00:00,24b09eda68730c72
ingest_scrape100,go,3,50,32,5545016.72,scrape,2026-10-08T15:29:27.991648+00:00,24b09eda68730c72
ingest_scrape100,rust_previous,3,50,32,2497962.62,scrape,2026-10-08T15:29:28.175959+00:00,24b09eda68730c72
ingest_scrape100,rust_control,3,50,32,2444975.82,scrape,2026-10-08T15:29:28.358087+00:00,24b09eda68730c72
ingest_scrape100,rust_new,3,50,32,2440507.98,scrape,2026-10-08T15:29:28.538236+00:00,24b09eda68730c72
ingest_register8,rust_lto,3,16,32,1313301.875,empty,2026-10-08T15:29:28.616922+00:00,9606a1bf2d6d67f0
ingest_register8,rust_native,3,16,32,859473.1875,empty,2026-10-08T15:29:28.683251+00:00,9606a1bf2d6d67f0
ingest_register8,rust_pgo,3,16,32,970533.75,empty,2026-10-08T15:29:28.753000+00:00,9606a1bf2d6d67f0
ingest_register8,pgo_rayon2,3,16,32,778143.4375,empty,2026-10-08T15:29:28.813262+00:00,9606a1bf2d6d67f0
ingest_register8,go,3,16,32,1641891.625,empty,2026-10-08T15:29:28.920683+00:00,9606a1bf2d6d67f0
ingest_register8,rust_previous,3,16,32,920206.8125,empty,2026-10-08T15:29:28.984709+00:00,9606a1bf2d6d67f0
ingest_register8,rust_control,3,16,32,957568.9375,empty,2026-10-08T15:29:29.048859+00:00,9606a1bf2d6d67f0
ingest_register8,rust_new,3,16,32,1314509.0,empty,2026-10-08T15:29:29.126720+00:00,9606a1bf2d6d67f0
ingest_register8,rayon2,3,16,32,914683.25,empty,2026-10-08T15:29:29.191151+00:00,9606a1bf2d6d67f0
ingest_shuffled240,rust_native,3,197,32,569951.2131979696,head,2026-10-08T15:29:29.336593+00:00,efb2082861ccb83e
ingest_shuffled240,rust_pgo,3,197,32,557654.8375634517,head,2026-10-08T15:29:29.480810+00:00,efb2082861ccb83e
ingest_shuffled240,pgo_rayon2,3,197,32,469171.91878172586,head,2026-10-08T15:29:29.603419+00:00,efb2082861ccb83e
ingest_shuffled240,go,3,197,32,1023982.0456852792,head,2026-10-08T15:29:29.857809+00:00,efb2082861ccb83e
ingest_shuffled240,rust_previous,3,197,32,600059.4720812183,head,2026-10-08T15:29:30.011284+00:00,efb2082861ccb83e
ingest_shuffled240,rust_control,3,197,32,631549.1167512691,head,2026-10-08T15:29:30.167842+00:00,efb2082861ccb83e
ingest_shuffled240,rust_new,3,197,32,557800.9492385787,head,2026-10-08T15:29:30.313117+00:00,efb2082861ccb83e
ingest_shuffled240,rayon2,3,197,32,555225.2538071066,head,2026-10-08T15:29:30.457021+00:00,efb2082861ccb83e
ingest_shuffled240,rust_lto,3,197,32,557532.730964467,head,2026-10-08T15:29:30.599195+00:00,efb2082861ccb83e
ingest_duplicates240,rust_pgo,3,212,32,580821.179245283,head,2026-10-08T15:29:30.754735+00:00,d366c1eb0f75a0db
ingest_duplicates240,pgo_rayon2,3,212,32,540858.320754717,head,2026-10-08T15:29:30.899245+00:00,d366c1eb0f75a0db
ingest_duplicates240,go,3,212,32,1085672.2924528301,head,2026-10-08T15:29:31.174977+00:00,d366c1eb0f75a0db
ingest_duplicates240,rust_previous,3,212,32,598830.8962264151,head,2026-10-08T15:29:31.338251+00:00,d366c1eb0f75a0db
ingest_duplicates240,rust_control,3,212,32,685151.75,head,2026-10-08T15:29:31.517341+00:00,d366c1eb0f75a0db
ingest_duplicates240,rust_new,3,212,32,792610.466981132,head,2026-10-08T15:29:31.723645+00:00,d366c1eb0f75a0db
ingest_duplicates240,rayon2,3,212,32,601072.1839622641,head,2026-10-08T15:29:31.884620+00:00,d366c1eb0f75a0db
ingest_duplicates240,rust_lto,3,212,32,615252.7971698113,head,2026-10-08T15:29:32.047739+00:00,d366c1eb0f75a0db
ingest_duplicates240,rust_native,3,212,32,573285.1698113207,head,2026-10-08T15:29:32.209756+00:00,d366c1eb0f75a0db
maintain_ready,pgo_rayon2,3,1,0,35542547.0,ready,2026-10-08T15:29:32.264740+00:00,ee90eb1b8289f431
maintain_ready,only_bits,3,1,0,31440257.0,ready,2026-10-08T15:29:32.315216+00:00,ee90eb1b8289f431
maintain_ready,only_buffers,3,1,0,31970291.0,ready,2026-10-08T15:29:32.364296+00:00,ee90eb1b8289f431
maintain_ready,only_fused,3,1,0,34076528.0,ready,2026-10-08T15:29:32.416239+00:00,ee90eb1b8289f431
maintain_ready,only_specialized,3,1,0,32725379.0,ready,2026-10-08T15:29:32.466545+00:00,ee90eb1b8289f431
maintain_ready,go,3,1,0,88209821,ready,2026-10-08T15:29:32.573888+00:00,ee90eb1b8289f431
maintain_ready,rust_previous,3,1,0,34033459.0,ready,2026-10-08T15:29:32.625200+00:00,ee90eb1b8289f431
maintain_ready,rust_control,3,1,0,33192254.0,ready,2026-10-08T15:29:32.679368+00:00,ee90eb1b8289f431
maintain_ready,rust_new,3,1,0,33859597.0,ready,2026-10-08T15:29:32.733775+00:00,ee90eb1b8289f431
maintain_ready,rayon2,3,1,0,33121460.0,ready,2026-10-08T15:29:32.786160+00:00,ee90eb1b8289f431
maintain_ready,rust_lto,3,1,0,29771150.0,ready,2026-10-08T15:29:32.832919+00:00,ee90eb1b8289f431
maintain_ready,rust_native,3,1,0,29380573.0,ready,2026-10-08T15:29:32.893384+00:00,ee90eb1b8289f431
maintain_ready,rust_pgo,3,1,0,34552468.0,ready,2026-10-08T15:29:32.946017+00:00,ee90eb1b8289f431
expire_all,go,3,1,0,17576388,sealed,2026-10-08T15:29:32.972710+00:00,a8c7f832281a39c5
expire_all,rust_previous,3,1,0,12500090.0,sealed,2026-10-08T15:29:32.992358+00:00,a8c7f832281a39c5
expire_all,rust_control,3,1,0,11793915.0,sealed,2026-10-08T15:29:33.012939+00:00,a8c7f832281a39c5
expire_all,rust_new,3,1,0,10262628.0,sealed,2026-10-08T15:29:33.032067+00:00,a8c7f832281a39c5
expire_all,rayon2,3,1,0,10838550.0,sealed,2026-10-08T15:29:33.051940+00:00,a8c7f832281a39c5
expire_all,rust_lto,3,1,0,10980541.0,sealed,2026-10-08T15:29:33.071621+00:00,a8c7f832281a39c5
expire_all,rust_native,3,1,0,9811902.0,sealed,2026-10-08T15:29:33.089811+00:00,a8c7f832281a39c5
expire_all,rust_pgo,3,1,0,9401715.0,sealed,2026-10-08T15:29:33.109012+00:00,a8c7f832281a39c5
expire_all,pgo_rayon2,3,1,0,9903878.0,sealed,2026-10-08T15:29:33.127598+00:00,a8c7f832281a39c5
read_head_point,rust_previous,3,7320,32,20092.254098360656,head,2026-10-08T15:29:33.279467+00:00,
read_head_point,rust_control,3,7320,32,17232.29043715847,head,2026-10-08T15:29:33.410391+00:00,
read_head_point,rust_new,3,7320,32,16936.411338797814,head,2026-10-08T15:29:33.539036+00:00,
read_head_point,rayon2,3,7320,32,15450.061202185792,head,2026-10-08T15:29:33.656984+00:00,
read_head_point,rust_lto,3,7320,32,15278.848224043715,head,2026-10-08T15:29:33.773699+00:00,
read_head_point,rust_native,3,7320,32,15077.981830601093,head,2026-10-08T15:29:33.888767+00:00,
read_head_point,rust_pgo,3,7320,32,13153.891120218579,head,2026-10-08T15:29:33.989323+00:00,
read_head_point,pgo_rayon2,3,7320,32,13793.136338797814,head,2026-10-08T15:29:34.095210+00:00,
read_head_point,go,3,7320,32,59228.38838797814,head,2026-10-08T15:29:34.543581+00:00,
read_head_full8,only_fused,3,332,32,377628.7951807229,head,2026-10-08T15:29:34.685194+00:00,
read_head_full8,only_specialized,3,332,32,372715.7138554217,head,2026-10-08T15:29:34.825571+00:00,
read_head_full8,go,3,332,32,940450.7409638554,head,2026-10-08T15:29:35.176163+00:00,
read_head_full8,rust_previous,3,332,32,380426.4277108434,head,2026-10-08T15:29:35.319275+00:00,
read_head_full8,rust_control,3,332,32,417996.7018072289,head,2026-10-08T15:29:35.477918+00:00,
read_head_full8,rust_new,3,332,32,326733.5542168675,head,2026-10-08T15:29:35.601016+00:00,
read_head_full8,rayon2,3,332,32,231771.13554216866,head,2026-10-08T15:29:35.689306+00:00,
read_head_full8,rust_lto,3,332,32,352794.8915662651,head,2026-10-08T15:29:35.821233+00:00,
read_head_full8,rust_native,3,332,32,328487.5090361446,head,2026-10-08T15:29:35.946350+00:00,
read_head_full8,rust_pgo,3,332,32,274646.328313253,head,2026-10-08T15:29:36.050436+00:00,
read_head_full8,pgo_rayon2,3,332,32,223887.6204819277,head,2026-10-08T15:29:36.134284+00:00,
read_head_full8,only_bits,3,332,32,340472.9096385542,head,2026-10-08T15:29:36.261766+00:00,
read_head_full8,only_buffers,3,332,32,349486.9578313253,head,2026-10-08T15:29:36.394595+00:00,
read_sealed_point,rust_new,3,3893,32,33163.76855895197,sealed,2026-10-08T15:29:36.529622+00:00,
read_sealed_point,rayon2,3,3893,32,30486.773439506807,sealed,2026-10-08T15:29:36.653525+00:00,
read_sealed_point,rust_lto,3,3893,32,28689.70382738248,sealed,2026-10-08T15:29:36.770374+00:00,
read_sealed_point,rust_native,3,3893,32,28602.572309273055,sealed,2026-10-08T15:29:36.886993+00:00,
read_sealed_point,rust_pgo,3,3893,32,26054.491651682507,sealed,2026-10-08T15:29:36.993263+00:00,
read_sealed_point,pgo_rayon2,3,3893,32,25059.324942203955,sealed,2026-10-08T15:29:37.095850+00:00,
read_sealed_point,go,3,3893,32,93402.7492936039,sealed,2026-10-08T15:29:37.470130+00:00,
read_sealed_point,rust_previous,3,3893,32,33320.301310043666,sealed,2026-10-08T15:29:37.605773+00:00,
read_sealed_point,rust_control,3,3893,32,33680.89904957616,sealed,2026-10-08T15:29:37.742569+00:00,
read_sealed_boundary,rayon2,3,653,32,195704.3797856049,sealed,2026-10-08T15:29:37.880973+00:00,
read_sealed_boundary,rust_lto,3,653,32,165010.70444104134,sealed,2026-10-08T15:29:37.998256+00:00,
read_sealed_boundary,rust_native,3,653,32,166864.1822358346,sealed,2026-10-08T15:29:38.117011+00:00,
read_sealed_boundary,rust_pgo,3,653,32,137368.6830015314,sealed,2026-10-08T15:29:38.215082+00:00,
read_sealed_boundary,pgo_rayon2,3,653,32,152707.55130168452,sealed,2026-10-08T15:29:38.327432+00:00,
read_sealed_boundary,go,3,653,32,467361.2297090352,sealed,2026-10-08T15:29:38.657279+00:00,
read_sealed_boundary,rust_previous,3,653,32,187522.8851454824,sealed,2026-10-08T15:29:38.790103+00:00,
read_sealed_boundary,rust_control,3,653,32,191334.35987748852,sealed,2026-10-08T15:29:38.925483+00:00,
read_sealed_boundary,rust_new,3,653,32,207952.15160796326,sealed,2026-10-08T15:29:39.072790+00:00,
read_sealed_full8,rust_lto,3,114,32,1003158.1403508772,sealed,2026-10-08T15:29:39.223837+00:00,
read_sealed_full8,rust_native,3,114,32,1005173.052631579,sealed,2026-10-08T15:29:39.376860+00:00,
read_sealed_full8,rust_pgo,3,114,32,795557.254385965,sealed,2026-10-08T15:29:39.498525+00:00,
read_sealed_full8,pgo_rayon2,3,114,32,604781.6228070175,sealed,2026-10-08T15:29:39.597724+00:00,
read_sealed_full8,go,3,114,32,2638360.447368421,sealed,2026-10-08T15:29:39.992299+00:00,
read_sealed_full8,rust_previous,3,114,32,1125206.0789473683,sealed,2026-10-08T15:29:40.157668+00:00,
read_sealed_full8,rust_control,3,114,32,1145642.4736842106,sealed,2026-10-08T15:29:40.328191+00:00,
read_sealed_full8,rust_new,3,114,32,1069963.6228070175,sealed,2026-10-08T15:29:40.488678+00:00,
read_sealed_full8,rayon2,3,114,32,1175572.9122807018,sealed,2026-10-08T15:29:40.663666+00:00,
read_sealed_full16,rust_control,3,58,32,2267123.0689655175,sealed,2026-10-08T15:29:40.879130+00:00,
read_sealed_full16,rust_new,3,58,32,2038663.9137931035,sealed,2026-10-08T15:29:41.075976+00:00,
read_sealed_full16,rayon2,3,58,32,1755769.2068965517,sealed,2026-10-08T15:29:41.244529+00:00,
read_sealed_full16,rust_lto,3,58,32,2044939.948275862,sealed,2026-10-08T15:29:41.431393+00:00,
read_sealed_full16,rust_native,3,58,32,2008221.9827586208,sealed,2026-10-08T15:29:41.615098+00:00,
read_sealed_full16,rust_pgo,3,58,32,1578355.2413793104,sealed,2026-10-08T15:29:41.762617+00:00,
read_sealed_full16,pgo_rayon2,3,58,32,1402121.3275862068,sealed,2026-10-08T15:29:41.893787+00:00,
read_sealed_full16,only_bits,3,58,32,2015302.2586206896,sealed,2026-10-08T15:29:42.077737+00:00,
read_sealed_full16,only_buffers,3,58,32,2167139.5862068967,sealed,2026-10-08T15:29:42.276155+00:00,
read_sealed_full16,only_fused,3,58,32,2311293.275862069,sealed,2026-10-08T15:29:42.483323+00:00,
read_sealed_full16,only_specialized,3,58,32,2374040.6379310344,sealed,2026-10-08T15:29:42.701622+00:00,
read_sealed_full16,go,3,58,32,5253130.086206896,sealed,2026-10-08T15:29:43.184078+00:00,
read_sealed_full16,rust_previous,3,58,32,2325003.9137931033,sealed,2026-10-08T15:29:43.396674+00:00,
read_filtered_one,rust_pgo,3,1059,32,98690.54579792258,sealed,2026-10-08T15:29:43.508408+00:00,
read_filtered_one,pgo_rayon2,3,1059,32,94366.62511803588,sealed,2026-10-08T15:29:43.616550+00:00,
read_filtered_one,go,3,1059,32,438852.0018885741,sealed,2026-10-08T15:29:44.104864+00:00,
read_filtered_one,rust_previous,3,1059,32,134210.07365439093,sealed,2026-10-08T15:29:44.256368+00:00,
read_filtered_one,rust_control,3,1059,32,146131.12275731823,sealed,2026-10-08T15:29:44.421144+00:00,
read_filtered_one,rust_new,3,1059,32,127252.10009442871,sealed,2026-10-08T15:29:44.569483+00:00,
read_filtered_one,rayon2,3,1059,32,114265.22851746931,sealed,2026-10-08T15:29:44.699285+00:00,
read_filtered_one,rust_lto,3,1059,32,120983.48536355051,sealed,2026-10-08T15:29:44.835280+00:00,
read_filtered_one,rust_native,3,1059,32,117577.6043437205,sealed,2026-10-08T15:29:44.967705+00:00,
stream_sealed_full8,pgo_rayon2,3,130,32,676617.323076923,sealed,2026-10-08T15:29:45.083606+00:00,
stream_sealed_full8,go,3,130,32,2540196.523076923,sealed,2026-10-08T15:29:45.502531+00:00,
stream_sealed_full8,rust_previous,3,130,32,910532.2307692308,sealed,2026-10-08T15:29:45.654180+00:00,
stream_sealed_full8,rust_control,3,130,32,938884.8769230769,sealed,2026-10-08T15:29:45.810770+00:00,
stream_sealed_full8,rust_new,3,130,32,915673.6076923077,sealed,2026-10-08T15:29:45.960893+00:00,
stream_sealed_full8,rayon2,3,130,32,706588.823076923,sealed,2026-10-08T15:29:46.080273+00:00,
stream_sealed_full8,rust_lto,3,130,32,807135.6846153847,sealed,2026-10-08T15:29:46.216413+00:00,
stream_sealed_full8,rust_native,3,130,32,821956.7615384615,sealed,2026-10-08T15:29:46.354081+00:00,
stream_sealed_full8,rust_pgo,3,130,32,764933.9307692308,sealed,2026-10-08T15:29:46.479999+00:00,
read_where,go,3,292,32,1156305.9623287672,sealed,2026-10-08T15:29:46.870122+00:00,
read_where,rust_previous,3,292,32,402776.1883561644,sealed,2026-10-08T15:29:47.006339+00:00,
read_where,rust_control,3,292,32,418868.4246575342,sealed,2026-10-08T15:29:47.145336+00:00,
read_where,rust_new,3,292,32,367472.98630136985,sealed,2026-10-08T15:29:47.268651+00:00,
read_where,rayon2,3,292,32,319554.13356164383,sealed,2026-10-08T15:29:47.376492+00:00,
read_where,rust_lto,3,292,32,383367.0205479452,sealed,2026-10-08T15:29:47.504676+00:00,
read_where,rust_native,3,292,32,373400.3904109589,sealed,2026-10-08T15:29:47.629734+00:00,
read_where,rust_pgo,3,292,32,311816.9315068493,sealed,2026-10-08T15:29:47.735193+00:00,
read_where,pgo_rayon2,3,292,32,287287.3801369863,sealed,2026-10-08T15:29:47.834466+00:00,
read_prefix,rust_previous,3,804,32,145621.76865671642,sealed,2026-10-08T15:29:47.959761+00:00,
read_prefix,rust_control,3,804,32,147990.30970149254,sealed,2026-10-08T15:29:48.088384+00:00,
read_prefix,rust_new,3,804,32,136219.12189054728,sealed,2026-10-08T15:29:48.206318+00:00,
read_prefix,rayon2,3,804,32,176017.0012437811,sealed,2026-10-08T15:29:48.357059+00:00,
read_prefix,rust_lto,3,804,32,167866.86194029852,sealed,2026-10-08T15:29:48.501010+00:00,
read_prefix,rust_native,3,804,32,141363.90049751243,sealed,2026-10-08T15:29:48.623182+00:00,
read_prefix,rust_pgo,3,804,32,117945.49004975124,sealed,2026-10-08T15:29:48.725908+00:00,
read_prefix,pgo_rayon2,3,804,32,134854.68532338308,sealed,2026-10-08T15:29:48.843115+00:00,
read_prefix,go,3,804,32,423220.64800995024,sealed,2026-10-08T15:29:49.206106+00:00,
read_noneof,rust_control,3,155,32,916285.5096774193,sealed,2026-10-08T15:29:49.383891+00:00,
read_noneof,rust_new,3,155,32,835019.6967741936,sealed,2026-10-08T15:29:49.542794+00:00,
read_noneof,rayon2,3,155,32,734245.1612903225,sealed,2026-10-08T15:29:49.685284+00:00,
read_noneof,rust_lto,3,155,32,728270.2193548387,sealed,2026-10-08T15:29:49.825952+00:00,
read_noneof,rust_native,3,155,32,734991.7806451613,sealed,2026-10-08T15:29:49.967490+00:00,
read_noneof,rust_pgo,3,155,32,626124.7870967742,sealed,2026-10-08T15:29:50.088811+00:00,
read_noneof,pgo_rayon2,3,155,32,593826.5290322581,sealed,2026-10-08T15:29:50.202985+00:00,
read_noneof,go,3,155,32,2157144.64516129,sealed,2026-10-08T15:29:50.611826+00:00,
read_noneof,rust_previous,3,155,32,817073.0967741936,sealed,2026-10-08T15:29:50.769955+00:00,
read_since,rust_new,3,383,32,284357.0313315927,sealed,2026-10-08T15:29:50.892757+00:00,
read_since,rayon2,3,383,32,323588.3577023499,sealed,2026-10-08T15:29:51.031560+00:00,
read_since,rust_lto,3,383,32,299183.4908616188,sealed,2026-10-08T15:29:51.159224+00:00,
read_since,rust_native,3,383,32,272890.7441253264,sealed,2026-10-08T15:29:51.276647+00:00,
read_since,rust_pgo,3,383,32,222859.02088772846,sealed,2026-10-08T15:29:51.373589+00:00,
read_since,pgo_rayon2,3,383,32,299437.0809399478,sealed,2026-10-08T15:29:51.502039+00:00,
read_since,go,3,383,32,807939.0208877284,sealed,2026-10-08T15:29:51.845278+00:00,
read_since,rust_previous,3,383,32,309644.9817232376,sealed,2026-10-08T15:29:51.977539+00:00,
read_since,rust_control,3,383,32,340719.57963446475,sealed,2026-10-08T15:29:52.122942+00:00,
aggregate_count,rayon2,3,622,32,182324.04340836013,sealed,2026-10-08T15:29:52.247506+00:00,
aggregate_count,rust_lto,3,622,32,148308.77009646303,sealed,2026-10-08T15:29:52.348991+00:00,
aggregate_count,rust_native,3,622,32,141576.7877813505,sealed,2026-10-08T15:29:52.445884+00:00,
aggregate_count,rust_pgo,3,622,32,119428.5996784566,sealed,2026-10-08T15:29:52.527961+00:00,
aggregate_count,pgo_rayon2,3,622,32,141752.65916398715,sealed,2026-10-08T15:29:52.625503+00:00,
aggregate_count,go,3,622,32,373954.1800643087,sealed,2026-10-08T15:29:52.878652+00:00,
aggregate_count,rust_previous,3,622,32,156707.59003215434,sealed,2026-10-08T15:29:52.986894+00:00,
aggregate_count,rust_control,3,622,32,159922.45498392283,sealed,2026-10-08T15:29:53.096136+00:00,
aggregate_count,rust_new,3,622,32,170250.42443729902,sealed,2026-10-08T15:29:53.211317+00:00,
aggregate_sum,only_buffers,3,565,32,178632.1610619469,sealed,2026-10-08T15:29:53.322504+00:00,
aggregate_sum,only_fused,3,565,32,180287.33451327434,sealed,2026-10-08T15:29:53.434613+00:00,
aggregate_sum,only_specialized,3,565,32,179638.05663716813,sealed,2026-10-08T15:29:53.545882+00:00,
aggregate_sum,go,3,565,32,414026.75398230087,sealed,2026-10-08T15:29:53.800536+00:00,
aggregate_sum,rust_previous,3,565,32,195241.14867256637,sealed,2026-10-08T15:29:53.921784+00:00,
aggregate_sum,rust_control,3,565,32,182844.99292035398,sealed,2026-10-08T15:29:54.035344+00:00,
aggregate_sum,rust_new,3,565,32,185749.0761061947,sealed,2026-10-08T15:29:54.150275+00:00,
aggregate_sum,rayon2,3,565,32,232909.17876106195,sealed,2026-10-08T15:29:54.294195+00:00,
aggregate_sum,rust_lto,3,565,32,191060.3592920354,sealed,2026-10-08T15:29:54.412968+00:00,
aggregate_sum,rust_native,3,565,32,212848.81769911505,sealed,2026-10-08T15:29:54.544154+00:00,
aggregate_sum,rust_pgo,3,565,32,177326.9185840708,sealed,2026-10-08T15:29:54.658564+00:00,
aggregate_sum,pgo_rayon2,3,565,32,184318.53982300885,sealed,2026-10-08T15:29:54.775771+00:00,
aggregate_sum,only_bits,3,565,32,188284.17876106195,sealed,2026-10-08T15:29:54.893599+00:00,
aggregate_avg,rust_native,3,573,32,190695.24607329842,sealed,2026-10-08T15:29:55.013670+00:00,
aggregate_avg,rust_pgo,3,573,32,145823.1116928447,sealed,2026-10-08T15:29:55.105940+00:00,
aggregate_avg,pgo_rayon2,3,573,32,145813.39267015707,sealed,2026-10-08T15:29:55.198459+00:00,
aggregate_avg,go,3,573,32,390776.51308900525,sealed,2026-10-08T15:29:55.446766+00:00,
aggregate_avg,rust_previous,3,573,32,185451.6212914485,sealed,2026-10-08T15:29:55.563654+00:00,
aggregate_avg,rust_control,3,573,32,187017.01047120418,sealed,2026-10-08T15:29:55.681686+00:00,
aggregate_avg,rust_new,3,573,32,196433.10994764397,sealed,2026-10-08T15:29:55.804422+00:00,
aggregate_avg,rayon2,3,573,32,191297.23560209424,sealed,2026-10-08T15:29:55.925065+00:00,
aggregate_avg,rust_lto,3,573,32,191561.34380453752,sealed,2026-10-08T15:29:56.046048+00:00,
aggregate_min,rust_pgo,3,701,32,127229.51069900143,sealed,2026-10-08T15:29:56.143160+00:00,
aggregate_min,pgo_rayon2,3,701,32,131927.4179743224,sealed,2026-10-08T15:29:56.243923+00:00,
aggregate_min,go,3,701,32,381566.83880171186,sealed,2026-10-08T15:29:56.532492+00:00,
aggregate_min,rust_previous,3,701,32,153332.3509272468,sealed,2026-10-08T15:29:56.649492+00:00,
aggregate_min,rust_control,3,701,32,153228.8730385164,sealed,2026-10-08T15:29:56.767071+00:00,
aggregate_min,rust_new,3,701,32,156269.6362339515,sealed,2026-10-08T15:29:56.885725+00:00,
aggregate_min,rayon2,3,701,32,181923.02282453637,sealed,2026-10-08T15:29:57.023265+00:00,
aggregate_min,rust_lto,3,701,32,149291.20542082738,sealed,2026-10-08T15:29:57.136537+00:00,
aggregate_min,rust_native,3,701,32,149814.07703281028,sealed,2026-10-08T15:29:57.250754+00:00,
aggregate_max,pgo_rayon2,3,845,32,125320.13491124261,sealed,2026-10-08T15:29:57.365980+00:00,
aggregate_max,go,3,845,32,383732.60591715976,sealed,2026-10-08T15:29:57.711622+00:00,
aggregate_max,rust_previous,3,845,32,150111.63076923077,sealed,2026-10-08T15:29:57.848233+00:00,
aggregate_max,rust_control,3,845,32,156213.81065088758,sealed,2026-10-08T15:29:57.989514+00:00,
aggregate_max,rust_new,3,845,32,149535.35857988166,sealed,2026-10-08T15:29:58.124469+00:00,
aggregate_max,rayon2,3,845,32,152818.9396449704,sealed,2026-10-08T15:29:58.264713+00:00,
aggregate_max,rust_lto,3,845,32,145938.30650887574,sealed,2026-10-08T15:29:58.397065+00:00,
aggregate_max,rust_native,3,845,32,144321.3573964497,sealed,2026-10-08T15:29:58.528752+00:00,
aggregate_max,rust_pgo,3,845,32,117956.4674556213,sealed,2026-10-08T15:29:58.636236+00:00,
aggregate_delta,go,3,720,32,383460.5444444445,sealed,2026-10-08T15:29:58.933998+00:00,
aggregate_delta,rust_previous,3,720,32,161689.34027777778,sealed,2026-10-08T15:29:59.059655+00:00,
aggregate_delta,rust_control,3,720,32,168532.57916666666,sealed,2026-10-08T15:29:59.191297+00:00,
aggregate_delta,rust_new,3,720,32,168877.07361111112,sealed,2026-10-08T15:29:59.323518+00:00,
aggregate_delta,rayon2,3,720,32,169276.52777777778,sealed,2026-10-08T15:29:59.457269+00:00,
aggregate_delta,rust_lto,3,720,32,161314.69583333333,sealed,2026-10-08T15:29:59.583002+00:00,
aggregate_delta,rust_native,3,720,32,162948.09583333333,sealed,2026-10-08T15:29:59.709863+00:00,
aggregate_delta,rust_pgo,3,720,32,138206.43333333332,sealed,2026-10-08T15:29:59.817794+00:00,
aggregate_delta,pgo_rayon2,3,720,32,132739.15,sealed,2026-10-08T15:29:59.922261+00:00,
aggregate_increase,rust_previous,3,544,32,226067.97794117648,sealed,2026-10-08T15:30:00.056808+00:00,
aggregate_increase,rust_control,3,544,32,219430.49264705883,sealed,2026-10-08T15:30:00.188379+00:00,
aggregate_increase,rust_new,3,544,32,215947.91544117648,sealed,2026-10-08T15:30:00.316771+00:00,
aggregate_increase,rayon2,3,544,32,213077.1213235294,sealed,2026-10-08T15:30:00.444573+00:00,
aggregate_increase,rust_lto,3,544,32,216690.28125,sealed,2026-10-08T15:30:00.573259+00:00,
aggregate_increase,rust_native,3,544,32,209677.79044117648,sealed,2026-10-08T15:30:00.698965+00:00,
aggregate_increase,rust_pgo,3,544,32,161908.38602941178,sealed,2026-10-08T15:30:00.797379+00:00,
aggregate_increase,pgo_rayon2,3,544,32,157719.17279411765,sealed,2026-10-08T15:30:00.893761+00:00,
aggregate_increase,go,3,544,32,427433.41544117645,sealed,2026-10-08T15:30:01.149967+00:00,
aggregate_rate,rust_control,3,560,32,218129.65,sealed,2026-10-08T15:30:01.283767+00:00,
aggregate_rate,rust_new,3,560,32,211633.575,sealed,2026-10-08T15:30:01.413082+00:00,
aggregate_rate,rayon2,3,560,32,212418.16428571427,sealed,2026-10-08T15:30:01.543874+00:00,
aggregate_rate,rust_lto,3,560,32,202209.7214285714,sealed,2026-10-08T15:30:01.667992+00:00,
aggregate_rate,rust_native,3,560,32,199346.16428571427,sealed,2026-10-08T15:30:01.791172+00:00,
aggregate_rate,rust_pgo,3,560,32,160390.29642857143,sealed,2026-10-08T15:30:01.890491+00:00,
aggregate_rate,pgo_rayon2,3,560,32,160340.4017857143,sealed,2026-10-08T15:30:01.991243+00:00,
aggregate_rate,go,3,560,32,415150.3035714286,sealed,2026-10-08T15:30:02.246561+00:00,
aggregate_rate,rust_previous,3,560,32,215310.48035714286,sealed,2026-10-08T15:30:02.378104+00:00,
aggregate_cut_sum,rayon2,3,140,32,735107.5857142857,sealed,2026-10-08T15:30:02.505034+00:00,
aggregate_cut_sum,rust_lto,3,140,32,661601.9142857143,sealed,2026-10-08T15:30:02.623800+00:00,
aggregate_cut_sum,rust_native,3,140,32,646989.9357142857,sealed,2026-10-08T15:30:02.739260+00:00,
aggregate_cut_sum,rust_pgo,3,140,32,654782.9857142858,sealed,2026-10-08T15:30:02.853479+00:00,
aggregate_cut_sum,pgo_rayon2,3,140,32,551529.1714285715,sealed,2026-10-08T15:30:02.950506+00:00,
aggregate_cut_sum,only_bits,3,140,32,864546.8214285715,sealed,2026-10-08T15:30:03.102907+00:00,
aggregate_cut_sum,only_buffers,3,140,32,868910.1071428572,sealed,2026-10-08T15:30:03.258048+00:00,
aggregate_cut_sum,only_fused,3,140,32,849883.8714285714,sealed,2026-10-08T15:30:03.407595+00:00,
aggregate_cut_sum,only_specialized,3,140,32,797490.55,sealed,2026-10-08T15:30:03.549536+00:00,
aggregate_cut_sum,go,3,140,32,2343420.3285714285,sealed,2026-10-08T15:30:03.956966+00:00,
aggregate_cut_sum,rust_previous,3,140,32,854846.4285714285,sealed,2026-10-08T15:30:04.117277+00:00,
aggregate_cut_sum,rust_control,3,140,32,811466.0857142857,sealed,2026-10-08T15:30:04.263374+00:00,
aggregate_cut_sum,rust_new,3,140,32,722336.0357142857,sealed,2026-10-08T15:30:04.391762+00:00,
aggregate_cut_avg,rayon2,3,131,32,685309.9618320611,sealed,2026-10-08T15:30:04.507851+00:00,
aggregate_cut_avg,rust_lto,3,131,32,781352.8702290077,sealed,2026-10-08T15:30:04.639609+00:00,
aggregate_cut_avg,rust_native,3,131,32,752189.7022900763,sealed,2026-10-08T15:30:04.770875+00:00,
aggregate_cut_avg,rust_pgo,3,131,32,622734.534351145,sealed,2026-10-08T15:30:04.877313+00:00,
aggregate_cut_avg,pgo_rayon2,3,131,32,501208.41221374046,sealed,2026-10-08T15:30:04.962893+00:00,
aggregate_cut_avg,go,3,131,32,2556886.328244275,sealed,2026-10-08T15:30:05.384106+00:00,
aggregate_cut_avg,rust_previous,3,131,32,874656.0610687023,sealed,2026-10-08T15:30:05.530596+00:00,
aggregate_cut_avg,rust_control,3,131,32,818444.0152671756,sealed,2026-10-08T15:30:05.669018+00:00,
aggregate_cut_avg,rust_new,3,131,32,737013.8854961832,sealed,2026-10-08T15:30:05.793127+00:00,
aggregate_grouped_sum,rust_lto,3,669,32,185355.5904334828,sealed,2026-10-08T15:30:05.927992+00:00,
aggregate_grouped_sum,rust_native,3,669,32,164875.07174887892,sealed,2026-10-08T15:30:06.048498+00:00,
aggregate_grouped_sum,rust_pgo,3,669,32,137354.6562032885,sealed,2026-10-08T15:30:06.148698+00:00,
aggregate_grouped_sum,pgo_rayon2,3,669,32,136849.84304932735,sealed,2026-10-08T15:30:06.249087+00:00,
aggregate_grouped_sum,go,3,669,32,392072.9461883408,sealed,2026-10-08T15:30:06.534153+00:00,
aggregate_grouped_sum,rust_previous,3,669,32,178582.68161434977,sealed,2026-10-08T15:30:06.663200+00:00,
aggregate_grouped_sum,rust_control,3,669,32,180401.81763826607,sealed,2026-10-08T15:30:06.793558+00:00,
aggregate_grouped_sum,rust_new,3,669,32,186283.87144992527,sealed,2026-10-08T15:30:06.928073+00:00,
aggregate_grouped_sum,rayon2,3,669,32,170088.4514200299,sealed,2026-10-08T15:30:07.051858+00:00,
aggregate_grouped_increase,rust_native,3,515,32,203438.22718446603,sealed,2026-10-08T15:30:07.167472+00:00,
aggregate_grouped_increase,rust_pgo,3,515,32,162368.572815534,sealed,2026-10-08T15:30:07.260186+00:00,
aggregate_grouped_increase,pgo_rayon2,3,515,32,156585.95533980583,sealed,2026-10-08T15:30:07.350290+00:00,
aggregate_grouped_increase,go,3,515,32,429571.10873786407,sealed,2026-10-08T15:30:07.595797+00:00,
aggregate_grouped_increase,rust_previous,3,515,32,224253.3145631068,sealed,2026-10-08T15:30:07.723548+00:00,
aggregate_grouped_increase,rust_control,3,515,32,219838.97669902912,sealed,2026-10-08T15:30:07.848278+00:00,
aggregate_grouped_increase,rust_new,3,515,32,246145.6718446602,sealed,2026-10-08T15:30:07.989530+00:00,
aggregate_grouped_increase,rayon2,3,515,32,223373.04077669902,sealed,2026-10-08T15:30:08.116947+00:00,
aggregate_grouped_increase,rust_lto,3,515,32,226387.53980582525,sealed,2026-10-08T15:30:08.245634+00:00,
read_wide64,pgo_rayon2,3,41,32,1781516.1219512196,wide,2026-10-08T15:30:08.380078+00:00,
read_wide64,only_bits,3,41,32,2605093.512195122,wide,2026-10-08T15:30:08.577419+00:00,
read_wide64,only_buffers,3,41,32,2614107.7073170734,wide,2026-10-08T15:30:08.772885+00:00,
read_wide64,only_fused,3,41,32,2639697.7804878047,wide,2026-10-08T15:30:08.967680+00:00,
read_wide64,only_specialized,3,41,32,2662616.073170732,wide,2026-10-08T15:30:09.174320+00:00,
read_wide64,go,3,41,32,5586761.390243903,wide,2026-10-08T15:30:09.594999+00:00,
read_wide64,rust_previous,3,41,32,2602018.1219512196,wide,2026-10-08T15:30:09.787920+00:00,
read_wide64,rust_control,3,41,32,2744247.8536585364,wide,2026-10-08T15:30:10.001373+00:00,
read_wide64,rust_new,3,41,32,2622629.5853658537,wide,2026-10-08T15:30:10.194164+00:00,
read_wide64,rayon2,3,41,32,2177731.463414634,wide,2026-10-08T15:30:10.357798+00:00,
read_wide64,rust_lto,3,41,32,2525033.951219512,wide,2026-10-08T15:30:10.544832+00:00,
read_wide64,rust_native,3,41,32,2452845.1707317075,wide,2026-10-08T15:30:10.732422+00:00,
read_wide64,rust_pgo,3,41,32,2434951.3658536584,wide,2026-10-08T15:30:10.901512+00:00,
stream_wide64,pgo_rayon2,3,54,32,1850331.3333333333,wide,2026-10-08T15:30:11.060732+00:00,
stream_wide64,go,3,54,32,5796108.759259259,wide,2026-10-08T15:30:11.572746+00:00,
stream_wide64,rust_previous,3,54,32,2248769.277777778,wide,2026-10-08T15:30:11.773775+00:00,
stream_wide64,rust_control,3,54,32,2322044.7592592593,wide,2026-10-08T15:30:11.981317+00:00,
stream_wide64,rust_new,3,54,32,2222868.7407407407,wide,2026-10-08T15:30:12.172770+00:00,
stream_wide64,rayon2,3,54,32,2252076.777777778,wide,2026-10-08T15:30:12.369980+00:00,
stream_wide64,rust_lto,3,54,32,2123201.0555555555,wide,2026-10-08T15:30:12.559067+00:00,
stream_wide64,rust_native,3,54,32,2128204.574074074,wide,2026-10-08T15:30:12.745549+00:00,
stream_wide64,rust_pgo,3,54,32,1926156.5,wide,2026-10-08T15:30:12.910977+00:00,
aggregate_wide_sum,go,3,183,32,1433181.693989071,wide,2026-10-08T15:30:13.228957+00:00,
aggregate_wide_sum,rust_previous,3,183,32,668644.131147541,wide,2026-10-08T15:30:13.377817+00:00,
aggregate_wide_sum,rust_control,3,183,32,664418.9672131147,wide,2026-10-08T15:30:13.524375+00:00,
aggregate_wide_sum,rust_new,3,183,32,673970.1530054645,wide,2026-10-08T15:30:13.673385+00:00,
aggregate_wide_sum,rayon2,3,183,32,673027.2240437159,wide,2026-10-08T15:30:13.822237+00:00,
aggregate_wide_sum,rust_lto,3,183,32,607252.4590163934,wide,2026-10-08T15:30:13.957320+00:00,
aggregate_wide_sum,rust_native,3,183,32,599544.8196721311,wide,2026-10-08T15:30:14.090303+00:00,
aggregate_wide_sum,rust_pgo,3,183,32,519324.4699453552,wide,2026-10-08T15:30:14.206386+00:00,
aggregate_wide_sum,pgo_rayon2,3,183,32,528887.912568306,wide,2026-10-08T15:30:14.324690+00:00,
aggregate_wide_cut_sum,only_fused,3,58,32,2011322.8103448276,wide,2026-10-08T15:30:14.510876+00:00,
aggregate_wide_cut_sum,only_specialized,3,58,32,1885018.1551724137,wide,2026-10-08T15:30:14.688017+00:00,
aggregate_wide_cut_sum,go,3,58,32,5554264.3965517245,wide,2026-10-08T15:30:15.188947+00:00,
aggregate_wide_cut_sum,rust_previous,3,58,32,2264588.9655172415,wide,2026-10-08T15:30:15.406179+00:00,
aggregate_wide_cut_sum,rust_control,3,58,32,2428457.672413793,wide,2026-10-08T15:30:15.622565+00:00,
aggregate_wide_cut_sum,rust_new,3,58,32,1845240.2068965517,wide,2026-10-08T15:30:15.793775+00:00,
aggregate_wide_cut_sum,rayon2,3,58,32,2163236.396551724,wide,2026-10-08T15:30:15.996096+00:00,
aggregate_wide_cut_sum,rust_lto,3,58,32,2020716.7931034483,wide,2026-10-08T15:30:16.180266+00:00,
aggregate_wide_cut_sum,rust_native,3,58,32,1791613.948275862,wide,2026-10-08T15:30:16.347843+00:00,
aggregate_wide_cut_sum,rust_pgo,3,58,32,1453817.1551724137,wide,2026-10-08T15:30:16.484218+00:00,
aggregate_wide_cut_sum,pgo_rayon2,3,58,32,1787360.4310344828,wide,2026-10-08T15:30:16.648355+00:00,
aggregate_wide_cut_sum,only_bits,3,58,32,2245403.9482758623,wide,2026-10-08T15:30:16.852352+00:00,
aggregate_wide_cut_sum,only_buffers,3,58,32,2233236.4827586208,wide,2026-10-08T15:30:17.062385+00:00,
aggregate_wide_cut_avg,rust_control,3,52,32,2439867.826923077,wide,2026-10-08T15:30:17.272488+00:00,
aggregate_wide_cut_avg,rust_new,3,52,32,2151294.0384615385,wide,2026-10-08T15:30:17.457571+00:00,
aggregate_wide_cut_avg,rayon2,3,52,32,2038266.7692307692,wide,2026-10-08T15:30:17.636139+00:00,
aggregate_wide_cut_avg,rust_lto,3,52,32,1942813.7884615385,wide,2026-10-08T15:30:17.802808+00:00,
aggregate_wide_cut_avg,rust_native,3,52,32,2108007.480769231,wide,2026-10-08T15:30:17.980115+00:00,
aggregate_wide_cut_avg,rust_pgo,3,52,32,1655118.423076923,wide,2026-10-08T15:30:18.127134+00:00,
aggregate_wide_cut_avg,pgo_rayon2,3,52,32,1669677.6538461538,wide,2026-10-08T15:30:18.280806+00:00,
aggregate_wide_cut_avg,go,3,52,32,5764696.615384615,wide,2026-10-08T15:30:18.799016+00:00,
aggregate_wide_cut_avg,rust_previous,3,52,32,2137426.7884615385,wide,2026-10-08T15:30:18.985433+00:00,
aggregate_wide_cut_count,rust_new,3,55,32,1727434.6545454545,wide,2026-10-08T15:30:19.142171+00:00,
aggregate_wide_cut_count,rayon2,3,55,32,1746358.9454545456,wide,2026-10-08T15:30:19.306888+00:00,
aggregate_wide_cut_count,rust_lto,3,55,32,1447089.8727272728,wide,2026-10-08T15:30:19.435164+00:00,
aggregate_wide_cut_count,rust_native,3,55,32,1655383.8545454545,wide,2026-10-08T15:30:19.578753+00:00,
aggregate_wide_cut_count,rust_pgo,3,55,32,1322150.2545454546,wide,2026-10-08T15:30:19.695025+00:00,
aggregate_wide_cut_count,pgo_rayon2,3,55,32,1403719.2363636363,wide,2026-10-08T15:30:19.819585+00:00,
aggregate_wide_cut_count,go,3,55,32,4426975.2,wide,2026-10-08T15:30:20.236689+00:00,
aggregate_wide_cut_count,rust_previous,3,55,32,1954142.8,wide,2026-10-08T15:30:20.408402+00:00,
aggregate_wide_cut_count,rust_control,3,55,32,2050502.8545454545,wide,2026-10-08T15:30:20.594052+00:00,
aggregate_wide_grouped_cut_sum,rust_previous,3,54,32,2257633.9814814813,wide,2026-10-08T15:30:20.791994+00:00,
aggregate_wide_grouped_cut_sum,rust_control,3,54,32,2095878.6666666667,wide,2026-10-08T15:30:20.977399+00:00,
aggregate_wide_grouped_cut_sum,rust_new,3,54,32,1955949.7407407407,wide,2026-10-08T15:30:21.155629+00:00,
aggregate_wide_grouped_cut_sum,rayon2,3,54,32,1964057.6666666667,wide,2026-10-08T15:30:21.331653+00:00,
aggregate_wide_grouped_cut_sum,rust_lto,3,54,32,1766937.4444444445,wide,2026-10-08T15:30:21.484243+00:00,
aggregate_wide_grouped_cut_sum,rust_native,3,54,32,1895473.0185185184,wide,2026-10-08T15:30:21.653347+00:00,
aggregate_wide_grouped_cut_sum,rust_pgo,3,54,32,1495817.148148148,wide,2026-10-08T15:30:21.797730+00:00,
aggregate_wide_grouped_cut_sum,pgo_rayon2,3,54,32,2005030.0740740742,wide,2026-10-08T15:30:21.969807+00:00,
aggregate_wide_grouped_cut_sum,only_bits,3,54,32,2235539.425925926,wide,2026-10-08T15:30:22.161839+00:00,
aggregate_wide_grouped_cut_sum,only_buffers,3,54,32,2332460.6296296297,wide,2026-10-08T15:30:22.367354+00:00,
aggregate_wide_grouped_cut_sum,only_fused,3,54,32,2124670.185185185,wide,2026-10-08T15:30:22.555706+00:00,
aggregate_wide_grouped_cut_sum,only_specialized,3,54,32,2059010.037037037,wide,2026-10-08T15:30:22.730911+00:00,
aggregate_wide_grouped_cut_sum,go,3,54,32,6212537.314814814,wide,2026-10-08T15:30:23.292775+00:00,
read_edge,rust_lto,3,412,32,204318.04611650485,edge,2026-10-08T15:30:23.390851+00:00,
read_edge,rust_native,3,412,32,191767.84466019418,edge,2026-10-08T15:30:23.483124+00:00,
read_edge,rust_pgo,3,412,32,183293.21844660194,edge,2026-10-08T15:30:23.570275+00:00,
read_edge,pgo_rayon2,3,412,32,248077.4490291262,edge,2026-10-08T15:30:23.684865+00:00,
read_edge,go,3,412,32,588348.3932038835,edge,2026-10-08T15:30:23.956598+00:00,
read_edge,rust_previous,3,412,32,197663.4563106796,edge,2026-10-08T15:30:24.049405+00:00,
read_edge,rust_control,3,412,32,208554.78155339806,edge,2026-10-08T15:30:24.146786+00:00,
read_edge,rust_new,3,412,32,183448.00970873787,edge,2026-10-08T15:30:24.232467+00:00,
read_edge,rayon2,3,412,32,344229.02427184465,edge,2026-10-08T15:30:24.387270+00:00,
aggregate_edge_sum_3,rust_native,3,8234,32,18797.26232693709,edge,2026-10-08T15:30:24.548602+00:00,
aggregate_edge_sum_3,rust_pgo,3,8234,32,17982.812727714354,edge,2026-10-08T15:30:24.703305+00:00,
aggregate_edge_sum_3,pgo_rayon2,3,8234,32,15640.080641243623,edge,2026-10-08T15:30:24.837138+00:00,
aggregate_edge_sum_3,go,3,8234,32,56420.89300461501,edge,2026-10-08T15:30:25.316867+00:00,
aggregate_edge_sum_3,rust_previous,3,8234,32,15658.898834102501,edge,2026-10-08T15:30:25.451726+00:00,
aggregate_edge_sum_3,rust_control,3,8234,32,16550.41863007044,edge,2026-10-08T15:30:25.593567+00:00,
aggregate_edge_sum_3,rust_new,3,8234,32,16627.47218848676,edge,2026-10-08T15:30:25.735178+00:00,
aggregate_edge_sum_3,rayon2,3,8234,32,20964.432110760263,edge,2026-10-08T15:30:25.913766+00:00,
aggregate_edge_sum_3,rust_lto,3,8234,32,18571.792445955794,edge,2026-10-08T15:30:26.073121+00:00,
aggregate_edge_increase_10,rust_pgo,3,8005,32,15015.62336039975,edge,2026-10-08T15:30:26.198672+00:00,
aggregate_edge_increase_10,pgo_rayon2,3,8005,32,14614.283697688945,edge,2026-10-08T15:30:26.320859+00:00,
aggregate_edge_increase_10,go,3,8005,32,57372.80437226733,edge,2026-10-08T15:30:26.790670+00:00,
aggregate_edge_increase_10,rust_previous,3,8005,32,18011.175890068705,edge,2026-10-08T15:30:26.939607+00:00,
aggregate_edge_increase_10,rust_control,3,8005,32,24663.39837601499,edge,2026-10-08T15:30:27.141867+00:00,
aggregate_edge_increase_10,rust_new,3,8005,32,16059.424359775141,edge,2026-10-08T15:30:27.276136+00:00,
aggregate_edge_increase_10,rayon2,3,8005,32,17083.128044971894,edge,2026-10-08T15:30:27.418381+00:00,
aggregate_edge_increase_10,rust_lto,3,8005,32,16432.056964397252,edge,2026-10-08T15:30:27.554672+00:00,
aggregate_edge_increase_10,rust_native,3,8005,32,17238.066833229233,edge,2026-10-08T15:30:27.697360+00:00,
ingest_append1,rust_control,4,188,32,701131.340425532,head,2026-10-08T15:30:27.855350+00:00,6373a511df1bdd02
ingest_append1,rust_previous,4,188,32,393214.6382978723,head,2026-10-08T15:30:27.956600+00:00,6373a511df1bdd02
ingest_append1,go,4,188,32,511165.09574468085,head,2026-10-08T15:30:28.085501+00:00,6373a511df1bdd02
ingest_append1,pgo_rayon2,4,188,32,322549.57446808513,head,2026-10-08T15:30:28.170005+00:00,6373a511df1bdd02
ingest_append1,rust_pgo,4,188,32,380575.9308510638,head,2026-10-08T15:30:28.263149+00:00,6373a511df1bdd02
ingest_append1,rust_native,4,188,32,382634.96276595746,head,2026-10-08T15:30:28.362479+00:00,6373a511df1bdd02
ingest_append1,rust_lto,4,188,32,407373.09574468085,head,2026-10-08T15:30:28.466183+00:00,6373a511df1bdd02
ingest_append1,rayon2,4,188,32,358337.59574468085,head,2026-10-08T15:30:28.559381+00:00,6373a511df1bdd02
ingest_append1,rust_new,4,188,32,383184.21276595746,head,2026-10-08T15:30:28.654239+00:00,6373a511df1bdd02
ingest_replace1,rust_new,4,213,32,600346.2300469483,head,2026-10-08T15:30:28.812077+00:00,f41c14909290570b
ingest_replace1,rust_control,4,213,32,619598.5492957747,head,2026-10-08T15:30:28.975402+00:00,f41c14909290570b
ingest_replace1,rust_previous,4,213,32,660858.8544600939,head,2026-10-08T15:30:29.157738+00:00,f41c14909290570b
ingest_replace1,go,4,213,32,843509.2582159624,head,2026-10-08T15:30:29.386695+00:00,f41c14909290570b
ingest_replace1,pgo_rayon2,4,213,32,634136.7089201878,head,2026-10-08T15:30:29.568219+00:00,f41c14909290570b
ingest_replace1,rust_pgo,4,213,32,565872.0892018779,head,2026-10-08T15:30:29.724574+00:00,f41c14909290570b
ingest_replace1,rust_native,4,213,32,578701.6150234742,head,2026-10-08T15:30:29.876917+00:00,f41c14909290570b
ingest_replace1,rust_lto,4,213,32,527246.7089201878,head,2026-10-08T15:30:30.030944+00:00,f41c14909290570b
ingest_replace1,rayon2,4,213,32,667584.3286384976,head,2026-10-08T15:30:30.210804+00:00,f41c14909290570b
ingest_scrape100,rayon2,4,50,32,3757544.44,scrape,2026-10-08T15:30:30.470932+00:00,24b09eda68730c72
ingest_scrape100,rust_new,4,50,32,2718617.52,scrape,2026-10-08T15:30:30.677758+00:00,24b09eda68730c72
ingest_scrape100,rust_control,4,50,32,2678189.1,scrape,2026-10-08T15:30:30.876145+00:00,24b09eda68730c72
ingest_scrape100,rust_previous,4,50,32,3202473.18,scrape,2026-10-08T15:30:31.103694+00:00,24b09eda68730c72
ingest_scrape100,go,4,50,32,6331187.42,scrape,2026-10-08T15:30:31.548424+00:00,24b09eda68730c72
ingest_scrape100,only_specialized,4,50,32,2586346.68,scrape,2026-10-08T15:30:31.741951+00:00,24b09eda68730c72
ingest_scrape100,only_fused,4,50,32,2672064.9,scrape,2026-10-08T15:30:31.939092+00:00,24b09eda68730c72
ingest_scrape100,only_buffers,4,50,32,2602288.16,scrape,2026-10-08T15:30:32.137334+00:00,24b09eda68730c72
ingest_scrape100,only_bits,4,50,32,2648654.26,scrape,2026-10-08T15:30:32.334413+00:00,24b09eda68730c72
ingest_scrape100,pgo_rayon2,4,50,32,2569311.68,scrape,2026-10-08T15:30:32.526764+00:00,24b09eda68730c72
ingest_scrape100,rust_pgo,4,50,32,2771803.02,scrape,2026-10-08T15:30:32.730893+00:00,24b09eda68730c72
ingest_scrape100,rust_native,4,50,32,2801310.18,scrape,2026-10-08T15:30:32.947020+00:00,24b09eda68730c72
ingest_scrape100,rust_lto,4,50,32,2728123.88,scrape,2026-10-08T15:30:33.152653+00:00,24b09eda68730c72
ingest_register8,rust_lto,4,16,32,1291116.0,empty,2026-10-08T15:30:33.234115+00:00,9606a1bf2d6d67f0
ingest_register8,rayon2,4,16,32,1018509.75,empty,2026-10-08T15:30:33.307056+00:00,9606a1bf2d6d67f0
ingest_register8,rust_new,4,16,32,1090903.1875,empty,2026-10-08T15:30:33.383545+00:00,9606a1bf2d6d67f0
ingest_register8,rust_control,4,16,32,1066587.75,empty,2026-10-08T15:30:33.458558+00:00,9606a1bf2d6d67f0
ingest_register8,rust_previous,4,16,32,1043553.6875,empty,2026-10-08T15:30:33.529749+00:00,9606a1bf2d6d67f0
ingest_register8,go,4,16,32,1996617.25,empty,2026-10-08T15:30:33.650322+00:00,9606a1bf2d6d67f0
ingest_register8,pgo_rayon2,4,16,32,1061599.75,empty,2026-10-08T15:30:33.733239+00:00,9606a1bf2d6d67f0
ingest_register8,rust_pgo,4,16,32,1219680.5625,empty,2026-10-08T15:30:33.811634+00:00,9606a1bf2d6d67f0
ingest_register8,rust_native,4,16,32,1116902.25,empty,2026-10-08T15:30:33.886810+00:00,9606a1bf2d6d67f0
ingest_shuffled240,rust_native,4,197,32,666385.3553299493,head,2026-10-08T15:30:34.055904+00:00,efb2082861ccb83e
ingest_shuffled240,rust_lto,4,197,32,648377.4670050761,head,2026-10-08T15:30:34.221591+00:00,efb2082861ccb83e
ingest_shuffled240,rayon2,4,197,32,619149.8426395939,head,2026-10-08T15:30:34.383707+00:00,efb2082861ccb83e
ingest_shuffled240,rust_new,4,197,32,763559.8984771573,head,2026-10-08T15:30:34.576928+00:00,efb2082861ccb83e
ingest_shuffled240,rust_control,4,197,32,668968.0862944162,head,2026-10-08T15:30:34.748486+00:00,efb2082861ccb83e
ingest_shuffled240,rust_previous,4,197,32,806451.847715736,head,2026-10-08T15:30:34.944132+00:00,efb2082861ccb83e
ingest_shuffled240,go,4,197,32,1156126.9086294416,head,2026-10-08T15:30:35.230722+00:00,efb2082861ccb83e
ingest_shuffled240,pgo_rayon2,4,197,32,584436.9238578681,head,2026-10-08T15:30:35.378662+00:00,efb2082861ccb83e
ingest_shuffled240,rust_pgo,4,197,32,734557.1472081218,head,2026-10-08T15:30:35.562539+00:00,efb2082861ccb83e
ingest_duplicates240,rust_pgo,4,212,32,582315.2641509434,head,2026-10-08T15:30:35.720733+00:00,d366c1eb0f75a0db
ingest_duplicates240,rust_native,4,212,32,599463.070754717,head,2026-10-08T15:30:35.889356+00:00,d366c1eb0f75a0db
ingest_duplicates240,rust_lto,4,212,32,610526.4009433963,head,2026-10-08T15:30:36.056165+00:00,d366c1eb0f75a0db
ingest_duplicates240,rayon2,4,212,32,649715.7452830189,head,2026-10-08T15:30:36.233380+00:00,d366c1eb0f75a0db
ingest_duplicates240,rust_new,4,212,32,555173.3349056604,head,2026-10-08T15:30:36.391988+00:00,d366c1eb0f75a0db
ingest_duplicates240,rust_control,4,212,32,591841.3443396227,head,2026-10-08T15:30:36.554214+00:00,d366c1eb0f75a0db
ingest_duplicates240,rust_previous,4,212,32,549079.9009433963,head,2026-10-08T15:30:36.702745+00:00,d366c1eb0f75a0db
ingest_duplicates240,go,4,212,32,905422.4811320754,head,2026-10-08T15:30:36.949463+00:00,d366c1eb0f75a0db
ingest_duplicates240,pgo_rayon2,4,212,32,521607.6462264151,head,2026-10-08T15:30:37.090182+00:00,d366c1eb0f75a0db
maintain_ready,pgo_rayon2,4,1,0,32218584.0,ready,2026-10-08T15:30:37.140400+00:00,ee90eb1b8289f431
maintain_ready,rust_pgo,4,1,0,37276579.0,ready,2026-10-08T15:30:37.195975+00:00,ee90eb1b8289f431
maintain_ready,rust_native,4,1,0,30293000.0,ready,2026-10-08T15:30:37.244699+00:00,ee90eb1b8289f431
maintain_ready,rust_lto,4,1,0,30736926.0,ready,2026-10-08T15:30:37.292357+00:00,ee90eb1b8289f431
maintain_ready,rayon2,4,1,0,43368510.0,ready,2026-10-08T15:30:37.354080+00:00,ee90eb1b8289f431
maintain_ready,rust_new,4,1,0,34147249.0,ready,2026-10-08T15:30:37.406889+00:00,ee90eb1b8289f431
maintain_ready,rust_control,4,1,0,37787942.0,ready,2026-10-08T15:30:37.461799+00:00,ee90eb1b8289f431
maintain_ready,rust_previous,4,1,0,38185975.0,ready,2026-10-08T15:30:37.518010+00:00,ee90eb1b8289f431
maintain_ready,go,4,1,0,93729408,ready,2026-10-08T15:30:37.634975+00:00,ee90eb1b8289f431
maintain_ready,only_specialized,4,1,0,42218136.0,ready,2026-10-08T15:30:37.696599+00:00,ee90eb1b8289f431
maintain_ready,only_fused,4,1,0,34931825.0,ready,2026-10-08T15:30:37.748910+00:00,ee90eb1b8289f431
maintain_ready,only_buffers,4,1,0,31970862.0,ready,2026-10-08T15:30:37.797902+00:00,ee90eb1b8289f431
maintain_ready,only_bits,4,1,0,33571001.0,ready,2026-10-08T15:30:37.851676+00:00,ee90eb1b8289f431
expire_all,go,4,1,0,16207856,sealed,2026-10-08T15:30:37.882602+00:00,a8c7f832281a39c5
expire_all,pgo_rayon2,4,1,0,15765135.0,sealed,2026-10-08T15:30:37.908232+00:00,a8c7f832281a39c5
expire_all,rust_pgo,4,1,0,8590202.0,sealed,2026-10-08T15:30:37.923968+00:00,a8c7f832281a39c5
expire_all,rust_native,4,1,0,9103582.0,sealed,2026-10-08T15:30:37.941048+00:00,a8c7f832281a39c5
expire_all,rust_lto,4,1,0,10278647.0,sealed,2026-10-08T15:30:37.959360+00:00,a8c7f832281a39c5
expire_all,rayon2,4,1,0,10919259.0,sealed,2026-10-08T15:30:37.978131+00:00,a8c7f832281a39c5
expire_all,rust_new,4,1,0,10392239.0,sealed,2026-10-08T15:30:37.996153+00:00,a8c7f832281a39c5
expire_all,rust_control,4,1,0,9989943.0,sealed,2026-10-08T15:30:38.013748+00:00,a8c7f832281a39c5
expire_all,rust_previous,4,1,0,9367653.0,sealed,2026-10-08T15:30:38.030186+00:00,a8c7f832281a39c5
read_head_point,rust_previous,4,7320,32,15086.851366120218,head,2026-10-08T15:30:38.144862+00:00,
read_head_point,go,4,7320,32,55658.65846994535,head,2026-10-08T15:30:38.561515+00:00,
read_head_point,pgo_rayon2,4,7320,32,12882.477459016394,head,2026-10-08T15:30:38.660525+00:00,
read_head_point,rust_pgo,4,7320,32,12757.535792349727,head,2026-10-08T15:30:38.758155+00:00,
read_head_point,rust_native,4,7320,32,14005.092349726776,head,2026-10-08T15:30:38.865198+00:00,
read_head_point,rust_lto,4,7320,32,14277.776092896174,head,2026-10-08T15:30:38.974177+00:00,
read_head_point,rayon2,4,7320,32,14303.04412568306,head,2026-10-08T15:30:39.084009+00:00,
read_head_point,rust_new,4,7320,32,14795.680327868853,head,2026-10-08T15:30:39.196783+00:00,
read_head_point,rust_control,4,7320,32,16016.086202185792,head,2026-10-08T15:30:39.318812+00:00,
read_head_full8,only_fused,4,332,32,358220.9156626506,head,2026-10-08T15:30:39.454694+00:00,
read_head_full8,only_buffers,4,332,32,355656.0210843373,head,2026-10-08T15:30:39.588161+00:00,
read_head_full8,only_bits,4,332,32,359605.8493975904,head,2026-10-08T15:30:39.722345+00:00,
read_head_full8,pgo_rayon2,4,332,32,224025.7921686747,head,2026-10-08T15:30:39.810971+00:00,
read_head_full8,rust_pgo,4,332,32,251827.5843373494,head,2026-10-08T15:30:39.907322+00:00,
read_head_full8,rust_native,4,332,32,300216.6355421687,head,2026-10-08T15:30:40.021657+00:00,
read_head_full8,rust_lto,4,332,32,326718.5030120482,head,2026-10-08T15:30:40.144812+00:00,
read_head_full8,rayon2,4,332,32,258224.8373493976,head,2026-10-08T15:30:40.242940+00:00,
read_head_full8,rust_new,4,332,32,348907.6084337349,head,2026-10-08T15:30:40.373846+00:00,
read_head_full8,rust_control,4,332,32,399025.9337349398,head,2026-10-08T15:30:40.521855+00:00,
read_head_full8,rust_previous,4,332,32,394211.2168674699,head,2026-10-08T15:30:40.667681+00:00,
read_head_full8,go,4,332,32,943220.219879518,head,2026-10-08T15:30:41.017643+00:00,
read_head_full8,only_specialized,4,332,32,380943.8734939759,head,2026-10-08T15:30:41.160832+00:00,
read_sealed_point,rust_new,4,3893,32,29031.684305163115,sealed,2026-10-08T15:30:41.278833+00:00,
read_sealed_point,rust_control,4,3893,32,30389.858977652195,sealed,2026-10-08T15:30:41.401929+00:00,
read_sealed_point,rust_previous,4,3893,32,31629.000770613922,sealed,2026-10-08T15:30:41.530034+00:00,
read_sealed_point,go,4,3893,32,98525.69303878756,sealed,2026-10-08T15:30:41.928316+00:00,
read_sealed_point,pgo_rayon2,4,3893,32,23959.260981248393,sealed,2026-10-08T15:30:42.026906+00:00,
read_sealed_point,rust_pgo,4,3893,32,23958.48933984074,sealed,2026-10-08T15:30:42.125243+00:00,
read_sealed_point,rust_native,4,3893,32,27512.556896994607,sealed,2026-10-08T15:30:42.237317+00:00,
read_sealed_point,rust_lto,4,3893,32,27857.43154379656,sealed,2026-10-08T15:30:42.350831+00:00,
read_sealed_point,rayon2,4,3893,32,28732.708451066017,sealed,2026-10-08T15:30:42.468395+00:00,
read_sealed_boundary,rayon2,4,653,32,169356.95252679937,sealed,2026-10-08T15:30:42.589127+00:00,
read_sealed_boundary,rust_new,4,653,32,168766.27718223585,sealed,2026-10-08T15:30:42.708752+00:00,
read_sealed_boundary,rust_control,4,653,32,178638.3751914242,sealed,2026-10-08T15:30:42.835282+00:00,
read_sealed_boundary,rust_previous,4,653,32,189261.33843797856,sealed,2026-10-08T15:30:42.969697+00:00,
read_sealed_boundary,go,4,653,32,429813.5298621746,sealed,2026-10-08T15:30:43.272777+00:00,
read_sealed_boundary,pgo_rayon2,4,653,32,134313.13169984685,sealed,2026-10-08T15:30:43.369269+00:00,
read_sealed_boundary,rust_pgo,4,653,32,139767.65084226645,sealed,2026-10-08T15:30:43.469434+00:00,
read_sealed_boundary,rust_native,4,653,32,178247.09188361408,sealed,2026-10-08T15:30:43.595283+00:00,
read_sealed_boundary,rust_lto,4,653,32,177917.8606431853,sealed,2026-10-08T15:30:43.721432+00:00,
read_sealed_full8,rust_lto,4,114,32,1094937.4824561405,sealed,2026-10-08T15:30:43.886692+00:00,
read_sealed_full8,rayon2,4,114,32,891582.1578947369,sealed,2026-10-08T15:30:44.033423+00:00,
read_sealed_full8,rust_new,4,114,32,979077.6842105263,sealed,2026-10-08T15:30:44.183918+00:00,
read_sealed_full8,rust_control,4,114,32,1052756.201754386,sealed,2026-10-08T15:30:44.342411+00:00,
read_sealed_full8,rust_previous,4,114,32,1069892.4385964912,sealed,2026-10-08T15:30:44.501789+00:00,
read_sealed_full8,go,4,114,32,2676321.7719298247,sealed,2026-10-08T15:30:44.905812+00:00,
read_sealed_full8,pgo_rayon2,4,114,32,770228.4385964912,sealed,2026-10-08T15:30:45.020180+00:00,
read_sealed_full8,rust_pgo,4,114,32,800065.1403508772,sealed,2026-10-08T15:30:45.140994+00:00,
read_sealed_full8,rust_native,4,114,32,976393.3684210526,sealed,2026-10-08T15:30:45.286896+00:00,
read_sealed_full16,rust_control,4,58,32,2361066.1551724137,sealed,2026-10-08T15:30:45.501294+00:00,
read_sealed_full16,rust_previous,4,58,32,2378651.4827586208,sealed,2026-10-08T15:30:45.717566+00:00,
read_sealed_full16,go,4,58,32,5283926.827586207,sealed,2026-10-08T15:30:46.204768+00:00,
read_sealed_full16,only_specialized,4,58,32,2357222.5344827585,sealed,2026-10-08T15:30:46.418841+00:00,
read_sealed_full16,only_fused,4,58,32,2232417.8448275863,sealed,2026-10-08T15:30:46.625264+00:00,
read_sealed_full16,only_buffers,4,58,32,2301747.3448275863,sealed,2026-10-08T15:30:46.838344+00:00,
read_sealed_full16,only_bits,4,58,32,2105260.896551724,sealed,2026-10-08T15:30:47.033388+00:00,
read_sealed_full16,pgo_rayon2,4,58,32,1338728.6896551724,sealed,2026-10-08T15:30:47.154726+00:00,
read_sealed_full16,rust_pgo,4,58,32,1730557.0862068965,sealed,2026-10-08T15:30:47.313721+00:00,
read_sealed_full16,rust_native,4,58,32,2004834.2068965517,sealed,2026-10-08T15:30:47.501125+00:00,
read_sealed_full16,rust_lto,4,58,32,2017019.6379310344,sealed,2026-10-08T15:30:47.688717+00:00,
read_sealed_full16,rayon2,4,58,32,1752091.3793103448,sealed,2026-10-08T15:30:47.853651+00:00,
read_sealed_full16,rust_new,4,58,32,1974894.7068965517,sealed,2026-10-08T15:30:48.040257+00:00,
read_filtered_one,rust_pgo,4,1059,32,91180.4343720491,sealed,2026-10-08T15:30:48.145026+00:00,
read_filtered_one,rust_native,4,1059,32,116121.23418319169,sealed,2026-10-08T15:30:48.275725+00:00,
read_filtered_one,rust_lto,4,1059,32,128906.62322946175,sealed,2026-10-08T15:30:48.421739+00:00,
read_filtered_one,rayon2,4,1059,32,120217.46647780926,sealed,2026-10-08T15:30:48.558881+00:00,
read_filtered_one,rust_new,4,1059,32,152410.02266288953,sealed,2026-10-08T15:30:48.730329+00:00,
read_filtered_one,rust_control,4,1059,32,130971.99338999056,sealed,2026-10-08T15:30:48.879094+00:00,
read_filtered_one,rust_previous,4,1059,32,125871.26345609064,sealed,2026-10-08T15:30:49.021534+00:00,
read_filtered_one,go,4,1059,32,412253.82152974507,sealed,2026-10-08T15:30:49.480484+00:00,
read_filtered_one,pgo_rayon2,4,1059,32,95643.58262511804,sealed,2026-10-08T15:30:49.590779+00:00,
stream_sealed_full8,pgo_rayon2,4,130,32,743052.7692307692,sealed,2026-10-08T15:30:49.719217+00:00,
stream_sealed_full8,rust_pgo,4,130,32,711459.4307692308,sealed,2026-10-08T15:30:49.838415+00:00,
stream_sealed_full8,rust_native,4,130,32,918062.723076923,sealed,2026-10-08T15:30:49.995263+00:00,
stream_sealed_full8,rust_lto,4,130,32,879827.9846153846,sealed,2026-10-08T15:30:50.160862+00:00,
stream_sealed_full8,rayon2,4,130,32,902474.8076923077,sealed,2026-10-08T15:30:50.315159+00:00,
stream_sealed_full8,rust_new,4,130,32,1055299.9,sealed,2026-10-08T15:30:50.485772+00:00,
stream_sealed_full8,rust_control,4,130,32,1112200.8769230768,sealed,2026-10-08T15:30:50.678798+00:00,
stream_sealed_full8,rust_previous,4,130,32,999996.6692307693,sealed,2026-10-08T15:30:50.850777+00:00,
stream_sealed_full8,go,4,130,32,3106679.815384615,sealed,2026-10-08T15:30:51.357543+00:00,
read_where,go,4,292,32,1211503.5410958903,sealed,2026-10-08T15:30:51.761066+00:00,
read_where,pgo_rayon2,4,292,32,304116.3801369863,sealed,2026-10-08T15:30:51.873615+00:00,
read_where,rust_pgo,4,292,32,321220.30821917806,sealed,2026-10-08T15:30:51.983070+00:00,
read_where,rust_native,4,292,32,374946.08219178085,sealed,2026-10-08T15:30:52.108951+00:00,
read_where,rust_lto,4,292,32,379115.98630136985,sealed,2026-10-08T15:30:52.235221+00:00,
read_where,rayon2,4,292,32,406259.94178082194,sealed,2026-10-08T15:30:52.369037+00:00,
read_where,rust_new,4,292,32,416007.29452054796,sealed,2026-10-08T15:30:52.507082+00:00,
read_where,rust_control,4,292,32,441287.8561643836,sealed,2026-10-08T15:30:52.655467+00:00,
read_where,rust_previous,4,292,32,601551.6130136986,sealed,2026-10-08T15:30:52.852401+00:00,
read_prefix,rust_previous,4,804,32,159465.5696517413,sealed,2026-10-08T15:30:52.993305+00:00,
read_prefix,go,4,804,32,410323.3582089552,sealed,2026-10-08T15:30:53.345005+00:00,
read_prefix,pgo_rayon2,4,804,32,120321.06094527364,sealed,2026-10-08T15:30:53.450615+00:00,
read_prefix,rust_pgo,4,804,32,123264.30970149254,sealed,2026-10-08T15:30:53.557683+00:00,
read_prefix,rust_native,4,804,32,145146.9303482587,sealed,2026-10-08T15:30:53.683339+00:00,
read_prefix,rust_lto,4,804,32,159263.57462686568,sealed,2026-10-08T15:30:53.821889+00:00,
read_prefix,rayon2,4,804,32,137936.95771144278,sealed,2026-10-08T15:30:53.942558+00:00,
read_prefix,rust_new,4,804,32,144966.07835820896,sealed,2026-10-08T15:30:54.069038+00:00,
read_prefix,rust_control,4,804,32,156532.03855721393,sealed,2026-10-08T15:30:54.204323+00:00,
read_noneof,rust_control,4,155,32,1048657.8193548387,sealed,2026-10-08T15:30:54.399149+00:00,
read_noneof,rust_previous,4,155,32,1117078.9483870969,sealed,2026-10-08T15:30:54.616409+00:00,
read_noneof,go,4,155,32,2478957.329032258,sealed,2026-10-08T15:30:55.102604+00:00,
read_noneof,pgo_rayon2,4,155,32,620369.3419354839,sealed,2026-10-08T15:30:55.229119+00:00,
read_noneof,rust_pgo,4,155,32,688907.2,sealed,2026-10-08T15:30:55.361202+00:00,
read_noneof,rust_native,4,155,32,802467.1870967742,sealed,2026-10-08T15:30:55.517775+00:00,
read_noneof,rust_lto,4,155,32,772250.1483870968,sealed,2026-10-08T15:30:55.667145+00:00,
read_noneof,rayon2,4,155,32,780435.5290322581,sealed,2026-10-08T15:30:55.822615+00:00,
read_noneof,rust_new,4,155,32,795644.2580645161,sealed,2026-10-08T15:30:55.977409+00:00,
read_since,rust_new,4,383,32,360898.1723237598,sealed,2026-10-08T15:30:56.132325+00:00,
read_since,rust_control,4,383,32,331843.5535248042,sealed,2026-10-08T15:30:56.275546+00:00,
read_since,rust_previous,4,383,32,344398.5326370757,sealed,2026-10-08T15:30:56.423245+00:00,
read_since,go,4,383,32,966909.2976501306,sealed,2026-10-08T15:30:56.831666+00:00,
read_since,pgo_rayon2,4,383,32,322845.77545691904,sealed,2026-10-08T15:30:56.972597+00:00,
read_since,rust_pgo,4,383,32,236151.49347258484,sealed,2026-10-08T15:30:57.075137+00:00,
read_since,rust_native,4,383,32,291659.17493472586,sealed,2026-10-08T15:30:57.200559+00:00,
read_since,rust_lto,4,383,32,295050.7493472585,sealed,2026-10-08T15:30:57.328181+00:00,
read_since,rayon2,4,383,32,373336.0574412533,sealed,2026-10-08T15:30:57.490152+00:00,
aggregate_count,rayon2,4,622,32,155155.33118971062,sealed,2026-10-08T15:30:57.595924+00:00,
aggregate_count,rust_new,4,622,32,155545.75723472668,sealed,2026-10-08T15:30:57.701903+00:00,
aggregate_count,rust_control,4,622,32,155254.92443729902,sealed,2026-10-08T15:30:57.808291+00:00,
aggregate_count,rust_previous,4,622,32,159127.18327974278,sealed,2026-10-08T15:30:57.916273+00:00,
aggregate_count,go,4,622,32,374163.424437299,sealed,2026-10-08T15:30:58.169035+00:00,
aggregate_count,pgo_rayon2,4,622,32,140834.38745980707,sealed,2026-10-08T15:30:58.265487+00:00,
aggregate_count,rust_pgo,4,622,32,117665.85530546623,sealed,2026-10-08T15:30:58.347280+00:00,
aggregate_count,rust_native,4,622,32,146355.40353697748,sealed,2026-10-08T15:30:58.446976+00:00,
aggregate_count,rust_lto,4,622,32,150825.66881028938,sealed,2026-10-08T15:30:58.550057+00:00,
aggregate_sum,only_buffers,4,565,32,180677.01592920354,sealed,2026-10-08T15:30:58.662086+00:00,
aggregate_sum,only_bits,4,565,32,184458.6831858407,sealed,2026-10-08T15:30:58.776122+00:00,
aggregate_sum,pgo_rayon2,4,565,32,231218.5592920354,sealed,2026-10-08T15:30:58.917202+00:00,
aggregate_sum,rust_pgo,4,565,32,151481.54159292034,sealed,2026-10-08T15:30:59.012253+00:00,
aggregate_sum,rust_native,4,565,32,173277.76283185842,sealed,2026-10-08T15:30:59.120232+00:00,
aggregate_sum,rust_lto,4,565,32,173886.38053097346,sealed,2026-10-08T15:30:59.228223+00:00,
aggregate_sum,rayon2,4,565,32,185513.05486725664,sealed,2026-10-08T15:30:59.343274+00:00,
aggregate_sum,rust_new,4,565,32,184111.0884955752,sealed,2026-10-08T15:30:59.457092+00:00,
aggregate_sum,rust_control,4,565,32,186411.71327433627,sealed,2026-10-08T15:30:59.572276+00:00,
aggregate_sum,rust_previous,4,565,32,178778.18584070797,sealed,2026-10-08T15:30:59.684281+00:00,
aggregate_sum,go,4,565,32,377017.1221238938,sealed,2026-10-08T15:30:59.918987+00:00,
aggregate_sum,only_specialized,4,565,32,184954.0884955752,sealed,2026-10-08T15:31:00.034207+00:00,
aggregate_sum,only_fused,4,565,32,183032.30442477876,sealed,2026-10-08T15:31:00.147881+00:00,
aggregate_avg,rust_native,4,573,32,169440.39092495636,sealed,2026-10-08T15:31:00.255312+00:00,
aggregate_avg,rust_lto,4,573,32,178159.12216404887,sealed,2026-10-08T15:31:00.367349+00:00,
aggregate_avg,rayon2,4,573,32,188698.17452006982,sealed,2026-10-08T15:31:00.486242+00:00,
aggregate_avg,rust_new,4,573,32,175718.32111692845,sealed,2026-10-08T15:31:00.597513+00:00,
aggregate_avg,rust_control,4,573,32,191667.59511343806,sealed,2026-10-08T15:31:00.717558+00:00,
aggregate_avg,rust_previous,4,573,32,179342.86387434555,sealed,2026-10-08T15:31:00.830055+00:00,
aggregate_avg,go,4,573,32,396253.8045375218,sealed,2026-10-08T15:31:01.078850+00:00,
aggregate_avg,pgo_rayon2,4,573,32,146804.62303664922,sealed,2026-10-08T15:31:01.172127+00:00,
aggregate_avg,rust_pgo,4,573,32,142361.1884816754,sealed,2026-10-08T15:31:01.262188+00:00,
aggregate_min,rust_pgo,4,701,32,122524.77888730385,sealed,2026-10-08T15:31:01.356230+00:00,
aggregate_min,rust_native,4,701,32,154622.73609129814,sealed,2026-10-08T15:31:01.474149+00:00,
aggregate_min,rust_lto,4,701,32,150697.5691868759,sealed,2026-10-08T15:31:01.589099+00:00,
aggregate_min,rayon2,4,701,32,179090.20256776034,sealed,2026-10-08T15:31:01.725047+00:00,
aggregate_min,rust_new,4,701,32,156694.74607703282,sealed,2026-10-08T15:31:01.844267+00:00,
aggregate_min,rust_control,4,701,32,151544.4593437946,sealed,2026-10-08T15:31:01.960168+00:00,
aggregate_min,rust_previous,4,701,32,148913.11697574894,sealed,2026-10-08T15:31:02.073435+00:00,
aggregate_min,go,4,701,32,358977.60342368047,sealed,2026-10-08T15:31:02.345642+00:00,
aggregate_min,pgo_rayon2,4,701,32,120100.45506419401,sealed,2026-10-08T15:31:02.439242+00:00,
aggregate_max,pgo_rayon2,4,845,32,121418.33846153846,sealed,2026-10-08T15:31:02.550473+00:00,
aggregate_max,rust_pgo,4,845,32,115098.19289940828,sealed,2026-10-08T15:31:02.655539+00:00,
aggregate_max,rust_native,4,845,32,150641.29112426034,sealed,2026-10-08T15:31:02.792325+00:00,
aggregate_max,rust_lto,4,845,32,147392.62603550297,sealed,2026-10-08T15:31:02.926329+00:00,
aggregate_max,rayon2,4,845,32,168449.27810650886,sealed,2026-10-08T15:31:03.079461+00:00,
aggregate_max,rust_new,4,845,32,168290.16804733727,sealed,2026-10-08T15:31:03.232558+00:00,
aggregate_max,rust_control,4,845,32,165973.2355029586,sealed,2026-10-08T15:31:03.382342+00:00,
aggregate_max,rust_previous,4,845,32,168960.2355029586,sealed,2026-10-08T15:31:03.534686+00:00,
aggregate_max,go,4,845,32,357484.249704142,sealed,2026-10-08T15:31:03.857741+00:00,
aggregate_delta,go,4,720,32,378087.04583333334,sealed,2026-10-08T15:31:04.151817+00:00,
aggregate_delta,pgo_rayon2,4,720,32,138005.75,sealed,2026-10-08T15:31:04.259990+00:00,
aggregate_delta,rust_pgo,4,720,32,139352.2875,sealed,2026-10-08T15:31:04.369331+00:00,
aggregate_delta,rust_native,4,720,32,168213.83194444445,sealed,2026-10-08T15:31:04.500697+00:00,
aggregate_delta,rust_lto,4,720,32,173474.7,sealed,2026-10-08T15:31:04.635780+00:00,
aggregate_delta,rayon2,4,720,32,173138.24027777778,sealed,2026-10-08T15:31:04.771487+00:00,
aggregate_delta,rust_new,4,720,32,181468.63472222222,sealed,2026-10-08T15:31:04.913143+00:00,
aggregate_delta,rust_control,4,720,32,189892.44444444444,sealed,2026-10-08T15:31:05.059933+00:00,
aggregate_delta,rust_previous,4,720,32,167043.29861111112,sealed,2026-10-08T15:31:05.190621+00:00,
aggregate_increase,rust_previous,4,544,32,207164.95955882352,sealed,2026-10-08T15:31:05.314470+00:00,
aggregate_increase,go,4,544,32,416059.1819852941,sealed,2026-10-08T15:31:05.563383+00:00,
aggregate_increase,pgo_rayon2,4,544,32,181629.35661764705,sealed,2026-10-08T15:31:05.674873+00:00,
aggregate_increase,rust_pgo,4,544,32,164250.17279411765,sealed,2026-10-08T15:31:05.773315+00:00,
aggregate_increase,rust_native,4,544,32,205531.29595588235,sealed,2026-10-08T15:31:05.896320+00:00,
aggregate_increase,rust_lto,4,544,32,203111.31801470587,sealed,2026-10-08T15:31:06.018939+00:00,
aggregate_increase,rayon2,4,544,32,216260.73345588235,sealed,2026-10-08T15:31:06.148043+00:00,
aggregate_increase,rust_new,4,544,32,211253.74448529413,sealed,2026-10-08T15:31:06.274783+00:00,
aggregate_increase,rust_control,4,544,32,220582.36580882352,sealed,2026-10-08T15:31:06.407198+00:00,
aggregate_rate,rust_control,4,560,32,215407.4017857143,sealed,2026-10-08T15:31:06.539706+00:00,
aggregate_rate,rust_previous,4,560,32,214386.6517857143,sealed,2026-10-08T15:31:06.670892+00:00,
aggregate_rate,go,4,560,32,404580.83035714284,sealed,2026-10-08T15:31:06.920546+00:00,
aggregate_rate,pgo_rayon2,4,560,32,185682.68035714285,sealed,2026-10-08T15:31:07.035451+00:00,
aggregate_rate,rust_pgo,4,560,32,153665.6267857143,sealed,2026-10-08T15:31:07.131518+00:00,
aggregate_rate,rust_native,4,560,32,193476.16428571427,sealed,2026-10-08T15:31:07.249773+00:00,
aggregate_rate,rust_lto,4,560,32,207732.56785714286,sealed,2026-10-08T15:31:07.377889+00:00,
aggregate_rate,rayon2,4,560,32,227688.61607142858,sealed,2026-10-08T15:31:07.517817+00:00,
aggregate_rate,rust_new,4,560,32,215656.275,sealed,2026-10-08T15:31:07.650051+00:00,
aggregate_cut_sum,rayon2,4,140,32,871810.7357142858,sealed,2026-10-08T15:31:07.802576+00:00,
aggregate_cut_sum,rust_new,4,140,32,677764.5928571429,sealed,2026-10-08T15:31:07.925139+00:00,
aggregate_cut_sum,rust_control,4,140,32,804394.5714285715,sealed,2026-10-08T15:31:08.069292+00:00,
aggregate_cut_sum,rust_previous,4,140,32,808751.5142857142,sealed,2026-10-08T15:31:08.212810+00:00,
aggregate_cut_sum,go,4,140,32,2438512.907142857,sealed,2026-10-08T15:31:08.635340+00:00,
aggregate_cut_sum,only_specialized,4,140,32,901465.2214285714,sealed,2026-10-08T15:31:08.791709+00:00,
aggregate_cut_sum,only_fused,4,140,32,1042310.9428571429,sealed,2026-10-08T15:31:08.968908+00:00,
aggregate_cut_sum,only_buffers,4,140,32,985445.4357142857,sealed,2026-10-08T15:31:09.148123+00:00,
aggregate_cut_sum,only_bits,4,140,32,1145276.0357142857,sealed,2026-10-08T15:31:09.341395+00:00,
aggregate_cut_sum,pgo_rayon2,4,140,32,607139.4642857143,sealed,2026-10-08T15:31:09.451782+00:00,
aggregate_cut_sum,rust_pgo,4,140,32,554277.5642857143,sealed,2026-10-08T15:31:09.552731+00:00,
aggregate_cut_sum,rust_native,4,140,32,680293.5571428571,sealed,2026-10-08T15:31:09.675066+00:00,
aggregate_cut_sum,rust_lto,4,140,32,784448.8,sealed,2026-10-08T15:31:09.811456+00:00,
aggregate_cut_avg,rayon2,4,131,32,709258.7175572519,sealed,2026-10-08T15:31:09.933833+00:00,
aggregate_cut_avg,rust_new,4,131,32,729684.213740458,sealed,2026-10-08T15:31:10.061504+00:00,
aggregate_cut_avg,rust_control,4,131,32,979643.6335877862,sealed,2026-10-08T15:31:10.225943+00:00,
aggregate_cut_avg,rust_previous,4,131,32,967145.1755725191,sealed,2026-10-08T15:31:10.394213+00:00,
aggregate_cut_avg,go,4,131,32,2561492.5954198474,sealed,2026-10-08T15:31:10.821904+00:00,
aggregate_cut_avg,pgo_rayon2,4,131,32,629354.3664122138,sealed,2026-10-08T15:31:10.924142+00:00,
aggregate_cut_avg,rust_pgo,4,131,32,559810.5190839694,sealed,2026-10-08T15:31:11.019812+00:00,
aggregate_cut_avg,rust_native,4,131,32,677007.251908397,sealed,2026-10-08T15:31:11.135962+00:00,
aggregate_cut_avg,rust_lto,4,131,32,688752.7175572519,sealed,2026-10-08T15:31:11.252835+00:00,
aggregate_grouped_sum,rust_lto,4,669,32,175186.3139013453,sealed,2026-10-08T15:31:11.382969+00:00,
aggregate_grouped_sum,rayon2,4,669,32,185822.98056801196,sealed,2026-10-08T15:31:11.518052+00:00,
aggregate_grouped_sum,rust_new,4,669,32,196656.5485799701,sealed,2026-10-08T15:31:11.660378+00:00,
aggregate_grouped_sum,rust_control,4,669,32,197837.18535127054,sealed,2026-10-08T15:31:11.803242+00:00,
aggregate_grouped_sum,rust_previous,4,669,32,193012.74140508223,sealed,2026-10-08T15:31:11.943614+00:00,
aggregate_grouped_sum,go,4,669,32,427448.3019431988,sealed,2026-10-08T15:31:12.265646+00:00,
aggregate_grouped_sum,pgo_rayon2,4,669,32,144487.97458893873,sealed,2026-10-08T15:31:12.371835+00:00,
aggregate_grouped_sum,rust_pgo,4,669,32,140393.03288490284,sealed,2026-10-08T15:31:12.474977+00:00,
aggregate_grouped_sum,rust_native,4,669,32,191815.62032884904,sealed,2026-10-08T15:31:12.613648+00:00,
aggregate_grouped_increase,rust_native,4,515,32,204357.77087378642,sealed,2026-10-08T15:31:12.730121+00:00,
aggregate_grouped_increase,rust_lto,4,515,32,252313.99029126213,sealed,2026-10-08T15:31:12.872258+00:00,
aggregate_grouped_increase,rayon2,4,515,32,240889.89514563108,sealed,2026-10-08T15:31:13.010472+00:00,
aggregate_grouped_increase,rust_new,4,515,32,211492.6504854369,sealed,2026-10-08T15:31:13.130369+00:00,
aggregate_grouped_increase,rust_control,4,515,32,227473.36699029125,sealed,2026-10-08T15:31:13.258974+00:00,
aggregate_grouped_increase,rust_previous,4,515,32,218668.56310679612,sealed,2026-10-08T15:31:13.383146+00:00,
aggregate_grouped_increase,go,4,515,32,455814.1844660194,sealed,2026-10-08T15:31:13.642061+00:00,
aggregate_grouped_increase,pgo_rayon2,4,515,32,187575.9786407767,sealed,2026-10-08T15:31:13.749761+00:00,
aggregate_grouped_increase,rust_pgo,4,515,32,165436.22524271844,sealed,2026-10-08T15:31:13.848885+00:00,
read_wide64,pgo_rayon2,4,41,32,2080543.8780487804,wide,2026-10-08T15:31:14.011835+00:00,
read_wide64,rust_pgo,4,41,32,2326378.3414634145,wide,2026-10-08T15:31:14.177144+00:00,
read_wide64,rust_native,4,41,32,2540222.0,wide,2026-10-08T15:31:14.365649+00:00,
read_wide64,rust_lto,4,41,32,2536346.43902439,wide,2026-10-08T15:31:14.554878+00:00,
read_wide64,rayon2,4,41,32,3079720.926829268,wide,2026-10-08T15:31:14.772818+00:00,
read_wide64,rust_new,4,41,32,2586260.8048780486,wide,2026-10-08T15:31:14.968079+00:00,
read_wide64,rust_control,4,41,32,3020015.1951219514,wide,2026-10-08T15:31:15.190735+00:00,
read_wide64,rust_previous,4,41,32,2844466.6097560977,wide,2026-10-08T15:31:15.405010+00:00,
read_wide64,go,4,41,32,6573691.609756097,wide,2026-10-08T15:31:15.882067+00:00,
read_wide64,only_specialized,4,41,32,3475359.048780488,wide,2026-10-08T15:31:16.127015+00:00,
read_wide64,only_fused,4,41,32,3043901.024390244,wide,2026-10-08T15:31:16.354597+00:00,
read_wide64,only_buffers,4,41,32,2962369.6341463416,wide,2026-10-08T15:31:16.579193+00:00,
read_wide64,only_bits,4,41,32,2683413.1463414636,wide,2026-10-08T15:31:16.777896+00:00,
stream_wide64,pgo_rayon2,4,54,32,1802171.1296296297,wide,2026-10-08T15:31:16.942270+00:00,
stream_wide64,rust_pgo,4,54,32,1715541.4444444445,wide,2026-10-08T15:31:17.092509+00:00,
stream_wide64,rust_native,4,54,32,2047759.0,wide,2026-10-08T15:31:17.273986+00:00,
stream_wide64,rust_lto,4,54,32,2047271.6296296297,wide,2026-10-08T15:31:17.455018+00:00,
stream_wide64,rayon2,4,54,32,2447836.4444444445,wide,2026-10-08T15:31:17.663791+00:00,
stream_wide64,rust_new,4,54,32,2097277.462962963,wide,2026-10-08T15:31:17.849877+00:00,
stream_wide64,rust_control,4,54,32,2324341.277777778,wide,2026-10-08T15:31:18.052976+00:00,
stream_wide64,rust_previous,4,54,32,2667053.6666666665,wide,2026-10-08T15:31:18.275881+00:00,
stream_wide64,go,4,54,32,5875216.981481481,wide,2026-10-08T15:31:18.795689+00:00,
aggregate_wide_sum,go,4,183,32,1162501.4262295081,wide,2026-10-08T15:31:19.072034+00:00,
aggregate_wide_sum,pgo_rayon2,4,183,32,599703.349726776,wide,2026-10-08T15:31:19.205430+00:00,
aggregate_wide_sum,rust_pgo,4,183,32,522659.0601092896,wide,2026-10-08T15:31:19.322049+00:00,
aggregate_wide_sum,rust_native,4,183,32,661933.1475409836,wide,2026-10-08T15:31:19.473269+00:00,
aggregate_wide_sum,rust_lto,4,183,32,661649.1202185792,wide,2026-10-08T15:31:19.619867+00:00,
aggregate_wide_sum,rayon2,4,183,32,777252.4043715846,wide,2026-10-08T15:31:19.788487+00:00,
aggregate_wide_sum,rust_new,4,183,32,659318.2786885246,wide,2026-10-08T15:31:19.935921+00:00,
aggregate_wide_sum,rust_control,4,183,32,736110.3114754099,wide,2026-10-08T15:31:20.097642+00:00,
aggregate_wide_sum,rust_previous,4,183,32,707157.3989071038,wide,2026-10-08T15:31:20.253457+00:00,
aggregate_wide_cut_sum,only_fused,4,58,32,2240209.5344827585,wide,2026-10-08T15:31:20.468573+00:00,
aggregate_wide_cut_sum,only_buffers,4,58,32,2223141.1551724137,wide,2026-10-08T15:31:20.672117+00:00,
aggregate_wide_cut_sum,only_bits,4,58,32,2293694.5,wide,2026-10-08T15:31:20.873002+00:00,
aggregate_wide_cut_sum,pgo_rayon2,4,58,32,1966420.2758620689,wide,2026-10-08T15:31:21.037712+00:00,
aggregate_wide_cut_sum,rust_pgo,4,58,32,1433307.4827586208,wide,2026-10-08T15:31:21.175396+00:00,
aggregate_wide_cut_sum,rust_native,4,58,32,1735232.1379310344,wide,2026-10-08T15:31:21.342337+00:00,
aggregate_wide_cut_sum,rust_lto,4,58,32,2060916.4137931035,wide,2026-10-08T15:31:21.537542+00:00,
aggregate_wide_cut_sum,rayon2,4,58,32,2455102.0689655175,wide,2026-10-08T15:31:21.748178+00:00,
aggregate_wide_cut_sum,rust_new,4,58,32,1822595.396551724,wide,2026-10-08T15:31:21.929526+00:00,
aggregate_wide_cut_sum,rust_control,4,58,32,2104224.275862069,wide,2026-10-08T15:31:22.123845+00:00,
aggregate_wide_cut_sum,rust_previous,4,58,32,2154188.6379310344,wide,2026-10-08T15:31:22.320969+00:00,
aggregate_wide_cut_sum,go,4,58,32,5820830.5344827585,wide,2026-10-08T15:31:22.838568+00:00,
aggregate_wide_cut_sum,only_specialized,4,58,32,2404696.9310344825,wide,2026-10-08T15:31:23.047932+00:00,
aggregate_wide_cut_avg,rust_control,4,52,32,2496075.0384615385,wide,2026-10-08T15:31:23.258132+00:00,
aggregate_wide_cut_avg,rust_previous,4,52,32,2853858.846153846,wide,2026-10-08T15:31:23.490408+00:00,
aggregate_wide_cut_avg,go,4,52,32,5763077.307692308,wide,2026-10-08T15:31:23.990252+00:00,
aggregate_wide_cut_avg,pgo_rayon2,4,52,32,1942350.2884615385,wide,2026-10-08T15:31:24.143687+00:00,
aggregate_wide_cut_avg,rust_pgo,4,52,32,1446469.8846153845,wide,2026-10-08T15:31:24.266911+00:00,
aggregate_wide_cut_avg,rust_native,4,52,32,1804985.0576923077,wide,2026-10-08T15:31:24.438565+00:00,
aggregate_wide_cut_avg,rust_lto,4,52,32,1901495.0,wide,2026-10-08T15:31:24.601456+00:00,
aggregate_wide_cut_avg,rayon2,4,52,32,2660223.4423076925,wide,2026-10-08T15:31:24.820869+00:00,
aggregate_wide_cut_avg,rust_new,4,52,32,2032147.9807692308,wide,2026-10-08T15:31:24.996627+00:00,
aggregate_wide_cut_count,rust_new,4,55,32,1581180.7454545454,wide,2026-10-08T15:31:25.138688+00:00,
aggregate_wide_cut_count,rust_control,4,55,32,1933797.1272727272,wide,2026-10-08T15:31:25.311974+00:00,
aggregate_wide_cut_count,rust_previous,4,55,32,2043012.3818181818,wide,2026-10-08T15:31:25.489783+00:00,
aggregate_wide_cut_count,go,4,55,32,4459183.018181819,wide,2026-10-08T15:31:25.878771+00:00,
aggregate_wide_cut_count,pgo_rayon2,4,55,32,1306056.1272727272,wide,2026-10-08T15:31:26.000615+00:00,
aggregate_wide_cut_count,rust_pgo,4,55,32,1345159.4363636363,wide,2026-10-08T15:31:26.119934+00:00,
aggregate_wide_cut_count,rust_native,4,55,32,1432781.8363636364,wide,2026-10-08T15:31:26.250835+00:00,
aggregate_wide_cut_count,rust_lto,4,55,32,1446096.4727272727,wide,2026-10-08T15:31:26.381671+00:00,
aggregate_wide_cut_count,rayon2,4,55,32,1885976.3454545455,wide,2026-10-08T15:31:26.554434+00:00,
aggregate_wide_grouped_cut_sum,rust_previous,4,54,32,2102788.9814814813,wide,2026-10-08T15:31:26.735399+00:00,
aggregate_wide_grouped_cut_sum,go,4,54,32,5235488.814814814,wide,2026-10-08T15:31:27.175321+00:00,
aggregate_wide_grouped_cut_sum,only_specialized,4,54,32,2068888.611111111,wide,2026-10-08T15:31:27.357477+00:00,
aggregate_wide_grouped_cut_sum,only_fused,4,54,32,2528382.722222222,wide,2026-10-08T15:31:27.566092+00:00,
aggregate_wide_grouped_cut_sum,only_buffers,4,54,32,2114427.962962963,wide,2026-10-08T15:31:27.756295+00:00,
aggregate_wide_grouped_cut_sum,only_bits,4,54,32,1908393.7777777778,wide,2026-10-08T15:31:27.937229+00:00,
aggregate_wide_grouped_cut_sum,pgo_rayon2,4,54,32,1420324.4814814816,wide,2026-10-08T15:31:28.059360+00:00,
aggregate_wide_grouped_cut_sum,rust_pgo,4,54,32,1633682.5185185184,wide,2026-10-08T15:31:28.234393+00:00,
aggregate_wide_grouped_cut_sum,rust_native,4,54,32,1636548.8703703703,wide,2026-10-08T15:31:28.376698+00:00,
aggregate_wide_grouped_cut_sum,rust_lto,4,54,32,1671945.8148148148,wide,2026-10-08T15:31:28.535264+00:00,
aggregate_wide_grouped_cut_sum,rayon2,4,54,32,2229824.3333333335,wide,2026-10-08T15:31:28.721396+00:00,
aggregate_wide_grouped_cut_sum,rust_new,4,54,32,1924454.9444444445,wide,2026-10-08T15:31:28.892518+00:00,
aggregate_wide_grouped_cut_sum,rust_control,4,54,32,2400483.537037037,wide,2026-10-08T15:31:29.092713+00:00,
read_edge,rust_lto,4,412,32,175283.62621359224,edge,2026-10-08T15:31:29.176201+00:00,
read_edge,rayon2,4,412,32,215616.2354368932,edge,2026-10-08T15:31:29.277009+00:00,
read_edge,rust_new,4,412,32,181369.8276699029,edge,2026-10-08T15:31:29.362955+00:00,
read_edge,rust_control,4,412,32,208799.06553398058,edge,2026-10-08T15:31:29.459929+00:00,
read_edge,rust_previous,4,412,32,207966.32524271845,edge,2026-10-08T15:31:29.556180+00:00,
read_edge,go,4,412,32,598976.6553398059,edge,2026-10-08T15:31:29.833170+00:00,
read_edge,pgo_rayon2,4,412,32,226157.427184466,edge,2026-10-08T15:31:29.936473+00:00,
read_edge,rust_pgo,4,412,32,152018.51941747573,edge,2026-10-08T15:31:30.008103+00:00,
read_edge,rust_native,4,412,32,177235.18446601942,edge,2026-10-08T15:31:30.091764+00:00,
aggregate_edge_sum_3,rust_native,4,8234,32,15399.621690551372,edge,2026-10-08T15:31:30.223692+00:00,
aggregate_edge_sum_3,rust_lto,4,8234,32,15094.208525625456,edge,2026-10-08T15:31:30.352576+00:00,
aggregate_edge_sum_3,rayon2,4,8234,32,15778.585377702211,edge,2026-10-08T15:31:30.487314+00:00,
aggregate_edge_sum_3,rust_new,4,8234,32,16032.943162496964,edge,2026-10-08T15:31:30.624254+00:00,
aggregate_edge_sum_3,rust_control,4,8234,32,15607.596429438912,edge,2026-10-08T15:31:30.757776+00:00,
aggregate_edge_sum_3,rust_previous,4,8234,32,16138.50740830702,edge,2026-10-08T15:31:30.895140+00:00,
aggregate_edge_sum_3,go,4,8234,32,55426.400291474376,edge,2026-10-08T15:31:31.361166+00:00,
aggregate_edge_sum_3,pgo_rayon2,4,8234,32,15101.536555744475,edge,2026-10-08T15:31:31.491045+00:00,
aggregate_edge_sum_3,rust_pgo,4,8234,32,13514.858634928345,edge,2026-10-08T15:31:31.606806+00:00,
aggregate_edge_increase_10,rust_pgo,4,8005,32,14828.159150530919,edge,2026-10-08T15:31:31.730548+00:00,
aggregate_edge_increase_10,rust_native,4,8005,32,16338.769893816365,edge,2026-10-08T15:31:31.865911+00:00,
aggregate_edge_increase_10,rust_lto,4,8005,32,15506.647595252967,edge,2026-10-08T15:31:31.994453+00:00,
aggregate_edge_increase_10,rayon2,4,8005,32,15794.113678950656,edge,2026-10-08T15:31:32.125794+00:00,
aggregate_edge_increase_10,rust_new,4,8005,32,16063.019987507807,edge,2026-10-08T15:31:32.258831+00:00,
aggregate_edge_increase_10,rust_control,4,8005,32,16273.81186758276,edge,2026-10-08T15:31:32.393932+00:00,
aggregate_edge_increase_10,rust_previous,4,8005,32,16608.754778263585,edge,2026-10-08T15:31:32.531800+00:00,
aggregate_edge_increase_10,go,4,8005,32,52845.108307307935,edge,2026-10-08T15:31:32.964292+00:00,
aggregate_edge_increase_10,pgo_rayon2,4,8005,32,14479.19675202998,edge,2026-10-08T15:31:33.085251+00:00,
ingest_append1,rayon2,5,188,32,540555.3829787234,head,2026-10-08T15:31:33.217021+00:00,6373a511df1bdd02
ingest_append1,rust_lto,5,188,32,450119.4308510638,head,2026-10-08T15:31:33.333094+00:00,6373a511df1bdd02
ingest_append1,rust_native,5,188,32,534241.2819148937,head,2026-10-08T15:31:33.461165+00:00,6373a511df1bdd02
ingest_append1,rust_pgo,5,188,32,362642.0,head,2026-10-08T15:31:33.553710+00:00,6373a511df1bdd02
ingest_append1,pgo_rayon2,5,188,32,326165.329787234,head,2026-10-08T15:31:33.637838+00:00,6373a511df1bdd02
ingest_append1,go,5,188,32,594295.9414893617,head,2026-10-08T15:31:33.781610+00:00,6373a511df1bdd02
ingest_append1,rust_previous,5,188,32,418306.0425531915,head,2026-10-08T15:31:33.883225+00:00,6373a511df1bdd02
ingest_append1,rust_control,5,188,32,466147.03723404254,head,2026-10-08T15:31:34.013868+00:00,6373a511df1bdd02
ingest_append1,rust_new,5,188,32,385639.02127659577,head,2026-10-08T15:31:34.115407+00:00,6373a511df1bdd02
ingest_replace1,rust_lto,5,213,32,648770.3051643192,head,2026-10-08T15:31:34.285543+00:00,f41c14909290570b
ingest_replace1,rust_native,5,213,32,587464.9436619718,head,2026-10-08T15:31:34.451108+00:00,f41c14909290570b
ingest_replace1,rust_pgo,5,213,32,542379.0798122066,head,2026-10-08T15:31:34.601525+00:00,f41c14909290570b
ingest_replace1,pgo_rayon2,5,213,32,597525.5117370893,head,2026-10-08T15:31:34.761750+00:00,f41c14909290570b
ingest_replace1,go,5,213,32,958014.0704225352,head,2026-10-08T15:31:35.018681+00:00,f41c14909290570b
ingest_replace1,rust_previous,5,213,32,646527.2910798122,head,2026-10-08T15:31:35.189052+00:00,f41c14909290570b
ingest_replace1,rust_control,5,213,32,584021.4178403756,head,2026-10-08T15:31:35.346326+00:00,f41c14909290570b
ingest_replace1,rust_new,5,213,32,572631.9765258216,head,2026-10-08T15:31:35.499675+00:00,f41c14909290570b
ingest_replace1,rayon2,5,213,32,552816.2863849765,head,2026-10-08T15:31:35.649369+00:00,f41c14909290570b
ingest_scrape100,rust_native,5,50,32,2469205.36,scrape,2026-10-08T15:31:35.834188+00:00,24b09eda68730c72
ingest_scrape100,rust_pgo,5,50,32,2406584.28,scrape,2026-10-08T15:31:36.016135+00:00,24b09eda68730c72
ingest_scrape100,pgo_rayon2,5,50,32,2502778.44,scrape,2026-10-08T15:31:36.203910+00:00,24b09eda68730c72
ingest_scrape100,only_bits,5,50,32,2602055.0,scrape,2026-10-08T15:31:36.397891+00:00,24b09eda68730c72
ingest_scrape100,only_buffers,5,50,32,2543953.62,scrape,2026-10-08T15:31:36.587917+00:00,24b09eda68730c72
ingest_scrape100,only_fused,5,50,32,2931543.88,scrape,2026-10-08T15:31:36.799100+00:00,24b09eda68730c72
ingest_scrape100,only_specialized,5,50,32,2755249.66,scrape,2026-10-08T15:31:37.020021+00:00,24b09eda68730c72
ingest_scrape100,go,5,50,32,7423406.32,scrape,2026-10-08T15:31:37.539857+00:00,24b09eda68730c72
ingest_scrape100,rust_previous,5,50,32,2510629.58,scrape,2026-10-08T15:31:37.730604+00:00,24b09eda68730c72
ingest_scrape100,rust_control,5,50,32,2605352.48,scrape,2026-10-08T15:31:37.930132+00:00,24b09eda68730c72
ingest_scrape100,rust_new,5,50,32,2674006.94,scrape,2026-10-08T15:31:38.127793+00:00,24b09eda68730c72
ingest_scrape100,rayon2,5,50,32,2668103.98,scrape,2026-10-08T15:31:38.324798+00:00,24b09eda68730c72
ingest_scrape100,rust_lto,5,50,32,2639116.72,scrape,2026-10-08T15:31:38.524816+00:00,24b09eda68730c72
ingest_register8,rust_pgo,5,16,32,1044618.25,empty,2026-10-08T15:31:38.598853+00:00,9606a1bf2d6d67f0
ingest_register8,pgo_rayon2,5,16,32,1052796.5625,empty,2026-10-08T15:31:38.669956+00:00,9606a1bf2d6d67f0
ingest_register8,go,5,16,32,2095982.0625,empty,2026-10-08T15:31:38.792073+00:00,9606a1bf2d6d67f0
ingest_register8,rust_previous,5,16,32,1352765.5625,empty,2026-10-08T15:31:38.870643+00:00,9606a1bf2d6d67f0
ingest_register8,rust_control,5,16,32,971265.125,empty,2026-10-08T15:31:38.946092+00:00,9606a1bf2d6d67f0
ingest_register8,rust_new,5,16,32,1021848.875,empty,2026-10-08T15:31:39.018240+00:00,9606a1bf2d6d67f0
ingest_register8,rayon2,5,16,32,1134353.75,empty,2026-10-08T15:31:39.089618+00:00,9606a1bf2d6d67f0
ingest_register8,rust_lto,5,16,32,1200866.0625,empty,2026-10-08T15:31:39.168583+00:00,9606a1bf2d6d67f0
ingest_register8,rust_native,5,16,32,911009.5625,empty,2026-10-08T15:31:39.235460+00:00,9606a1bf2d6d67f0
ingest_shuffled240,pgo_rayon2,5,197,32,601559.2842639594,head,2026-10-08T15:31:39.385363+00:00,efb2082861ccb83e
ingest_shuffled240,go,5,197,32,993610.2131979696,head,2026-10-08T15:31:39.633087+00:00,efb2082861ccb83e
ingest_shuffled240,rust_previous,5,197,32,587468.654822335,head,2026-10-08T15:31:39.780402+00:00,efb2082861ccb83e
ingest_shuffled240,rust_control,5,197,32,701225.4213197969,head,2026-10-08T15:31:39.962829+00:00,efb2082861ccb83e
ingest_shuffled240,rust_new,5,197,32,577263.0710659899,head,2026-10-08T15:31:40.109513+00:00,efb2082861ccb83e
ingest_shuffled240,rayon2,5,197,32,554405.9492385787,head,2026-10-08T15:31:40.256720+00:00,efb2082861ccb83e
ingest_shuffled240,rust_lto,5,197,32,580574.8324873097,head,2026-10-08T15:31:40.406532+00:00,efb2082861ccb83e
ingest_shuffled240,rust_native,5,197,32,532418.538071066,head,2026-10-08T15:31:40.553367+00:00,efb2082861ccb83e
ingest_shuffled240,rust_pgo,5,197,32,517952.07106598985,head,2026-10-08T15:31:40.687928+00:00,efb2082861ccb83e
ingest_duplicates240,go,5,212,32,832016.9009433963,head,2026-10-08T15:31:40.909195+00:00,d366c1eb0f75a0db
ingest_duplicates240,rust_previous,5,212,32,584793.2075471698,head,2026-10-08T15:31:41.064544+00:00,d366c1eb0f75a0db
ingest_duplicates240,rust_control,5,212,32,508324.75,head,2026-10-08T15:31:41.202874+00:00,d366c1eb0f75a0db
ingest_duplicates240,rust_new,5,212,32,506687.0424528302,head,2026-10-08T15:31:41.342163+00:00,d366c1eb0f75a0db
ingest_duplicates240,rayon2,5,212,32,491389.96226415096,head,2026-10-08T15:31:41.472658+00:00,d366c1eb0f75a0db
ingest_duplicates240,rust_lto,5,212,32,537641.5283018867,head,2026-10-08T15:31:41.617427+00:00,d366c1eb0f75a0db
ingest_duplicates240,rust_native,5,212,32,506993.58490566036,head,2026-10-08T15:31:41.757537+00:00,d366c1eb0f75a0db
ingest_duplicates240,rust_pgo,5,212,32,494298.7783018868,head,2026-10-08T15:31:41.893778+00:00,d366c1eb0f75a0db
ingest_duplicates240,pgo_rayon2,5,212,32,593805.6462264151,head,2026-10-08T15:31:42.050769+00:00,d366c1eb0f75a0db
maintain_ready,only_buffers,5,1,0,30741642.0,ready,2026-10-08T15:31:42.101391+00:00,ee90eb1b8289f431
maintain_ready,only_fused,5,1,0,32335544.0,ready,2026-10-08T15:31:42.152469+00:00,ee90eb1b8289f431
maintain_ready,only_specialized,5,1,0,31543621.0,ready,2026-10-08T15:31:42.201746+00:00,ee90eb1b8289f431
maintain_ready,go,5,1,0,78742423,ready,2026-10-08T15:31:42.298843+00:00,ee90eb1b8289f431
maintain_ready,rust_previous,5,1,0,32568710.0,ready,2026-10-08T15:31:42.347355+00:00,ee90eb1b8289f431
maintain_ready,rust_control,5,1,0,34072880.0,ready,2026-10-08T15:31:42.397413+00:00,ee90eb1b8289f431
maintain_ready,rust_new,5,1,0,30055710.0,ready,2026-10-08T15:31:42.444603+00:00,ee90eb1b8289f431
maintain_ready,rayon2,5,1,0,31237807.0,ready,2026-10-08T15:31:42.492967+00:00,ee90eb1b8289f431
maintain_ready,rust_lto,5,1,0,29087050.0,ready,2026-10-08T15:31:42.538291+00:00,ee90eb1b8289f431
maintain_ready,rust_native,5,1,0,29006000.0,ready,2026-10-08T15:31:42.584217+00:00,ee90eb1b8289f431
maintain_ready,rust_pgo,5,1,0,31331086.0,ready,2026-10-08T15:31:42.632263+00:00,ee90eb1b8289f431
maintain_ready,pgo_rayon2,5,1,0,29378737.0,ready,2026-10-08T15:31:42.678537+00:00,ee90eb1b8289f431
maintain_ready,only_bits,5,1,0,31344445.0,ready,2026-10-08T15:31:42.727983+00:00,ee90eb1b8289f431
expire_all,rust_control,5,1,0,11835827.0,sealed,2026-10-08T15:31:42.747998+00:00,a8c7f832281a39c5
expire_all,rust_new,5,1,0,12531798.0,sealed,2026-10-08T15:31:42.769093+00:00,a8c7f832281a39c5
expire_all,rayon2,5,1,0,8258520.0,sealed,2026-10-08T15:31:42.787045+00:00,a8c7f832281a39c5
expire_all,rust_lto,5,1,0,9339632.0,sealed,2026-10-08T15:31:42.804271+00:00,a8c7f832281a39c5
expire_all,rust_native,5,1,0,9628175.0,sealed,2026-10-08T15:31:42.822079+00:00,a8c7f832281a39c5
expire_all,rust_pgo,5,1,0,9545358.0,sealed,2026-10-08T15:31:42.840168+00:00,a8c7f832281a39c5
expire_all,pgo_rayon2,5,1,0,9010284.0,sealed,2026-10-08T15:31:42.856877+00:00,a8c7f832281a39c5
expire_all,go,5,1,0,15773513,sealed,2026-10-08T15:31:42.882504+00:00,a8c7f832281a39c5
expire_all,rust_previous,5,1,0,11315521.0,sealed,2026-10-08T15:31:42.902211+00:00,a8c7f832281a39c5
read_head_point,rust_new,5,7320,32,18365.566530054646,head,2026-10-08T15:31:43.041801+00:00,
read_head_point,rayon2,5,7320,32,14644.723907103826,head,2026-10-08T15:31:43.153699+00:00,
read_head_point,rust_lto,5,7320,32,14132.620765027323,head,2026-10-08T15:31:43.261859+00:00,
read_head_point,rust_native,5,7320,32,14361.340846994535,head,2026-10-08T15:31:43.372154+00:00,
read_head_point,rust_pgo,5,7320,32,12926.725546448088,head,2026-10-08T15:31:43.471100+00:00,
read_head_point,pgo_rayon2,5,7320,32,12688.79781420765,head,2026-10-08T15:31:43.568493+00:00,
read_head_point,go,5,7320,32,53878.545765027324,head,2026-10-08T15:31:43.971732+00:00,
read_head_point,rust_previous,5,7320,32,17020.725956284154,head,2026-10-08T15:31:44.102901+00:00,
read_head_point,rust_control,5,7320,32,15738.666393442623,head,2026-10-08T15:31:44.222697+00:00,
read_head_full8,go,5,332,32,874032.2590361446,head,2026-10-08T15:31:44.548152+00:00,
read_head_full8,rust_previous,5,332,32,365108.2801204819,head,2026-10-08T15:31:44.685346+00:00,
read_head_full8,rust_control,5,332,32,363050.5602409639,head,2026-10-08T15:31:44.821344+00:00,
read_head_full8,rust_new,5,332,32,311731.8674698795,head,2026-10-08T15:31:44.939297+00:00,
read_head_full8,rayon2,5,332,32,242053.06325301205,head,2026-10-08T15:31:45.032378+00:00,
read_head_full8,rust_lto,5,332,32,277799.1114457831,head,2026-10-08T15:31:45.137549+00:00,
read_head_full8,rust_native,5,332,32,292303.3614457831,head,2026-10-08T15:31:45.247368+00:00,
read_head_full8,rust_pgo,5,332,32,247079.5512048193,head,2026-10-08T15:31:45.341196+00:00,
read_head_full8,pgo_rayon2,5,332,32,172042.421686747,head,2026-10-08T15:31:45.407868+00:00,
read_head_full8,only_bits,5,332,32,308593.3584337349,head,2026-10-08T15:31:45.524208+00:00,
read_head_full8,only_buffers,5,332,32,332291.2108433735,head,2026-10-08T15:31:45.648975+00:00,
read_head_full8,only_fused,5,332,32,339369.1506024096,head,2026-10-08T15:31:45.776347+00:00,
read_head_full8,only_specialized,5,332,32,344883.8313253012,head,2026-10-08T15:31:45.908218+00:00,
read_sealed_point,rust_lto,5,3893,32,27791.735936295914,sealed,2026-10-08T15:31:46.021772+00:00,
read_sealed_point,rust_native,5,3893,32,27588.346519393785,sealed,2026-10-08T15:31:46.134273+00:00,
read_sealed_point,rust_pgo,5,3893,32,25235.247880811712,sealed,2026-10-08T15:31:46.237438+00:00,
read_sealed_point,pgo_rayon2,5,3893,32,23453.610069355254,sealed,2026-10-08T15:31:46.334071+00:00,
read_sealed_point,go,5,3893,32,87126.32622656049,sealed,2026-10-08T15:31:46.683199+00:00,
read_sealed_point,rust_previous,5,3893,32,29647.199845877214,sealed,2026-10-08T15:31:46.803730+00:00,
read_sealed_point,rust_control,5,3893,32,29201.854097097355,sealed,2026-10-08T15:31:46.922804+00:00,
read_sealed_point,rust_new,5,3893,32,30816.946313896737,sealed,2026-10-08T15:31:47.047824+00:00,
read_sealed_point,rayon2,5,3893,32,28629.567171846906,sealed,2026-10-08T15:31:47.164820+00:00,
read_sealed_boundary,rust_native,5,653,32,159185.1485451761,sealed,2026-10-08T15:31:47.278181+00:00,
read_sealed_boundary,rust_pgo,5,653,32,141611.1255742726,sealed,2026-10-08T15:31:47.379030+00:00,
read_sealed_boundary,pgo_rayon2,5,653,32,141850.92955589585,sealed,2026-10-08T15:31:47.480364+00:00,
read_sealed_boundary,go,5,653,32,404745.39663093415,sealed,2026-10-08T15:31:47.766933+00:00,
read_sealed_boundary,rust_previous,5,653,32,178543.04441041348,sealed,2026-10-08T15:31:47.894192+00:00,
read_sealed_boundary,rust_control,5,653,32,177330.3415007657,sealed,2026-10-08T15:31:48.019676+00:00,
read_sealed_boundary,rust_new,5,653,32,173707.8790199081,sealed,2026-10-08T15:31:48.142778+00:00,
read_sealed_boundary,rayon2,5,653,32,193188.28177641655,sealed,2026-10-08T15:31:48.284079+00:00,
read_sealed_boundary,rust_lto,5,653,32,173603.48238897396,sealed,2026-10-08T15:31:48.407427+00:00,
read_sealed_full8,rust_pgo,5,114,32,847145.8684210526,sealed,2026-10-08T15:31:48.534978+00:00,
read_sealed_full8,pgo_rayon2,5,114,32,716082.3947368421,sealed,2026-10-08T15:31:48.642930+00:00,
read_sealed_full8,go,5,114,32,2575004.6578947366,sealed,2026-10-08T15:31:49.031643+00:00,
read_sealed_full8,rust_previous,5,114,32,1065923.6228070175,sealed,2026-10-08T15:31:49.190437+00:00,
read_sealed_full8,rust_control,5,114,32,1042179.8157894737,sealed,2026-10-08T15:31:49.347677+00:00,
read_sealed_full8,rust_new,5,114,32,986878.3421052631,sealed,2026-10-08T15:31:49.495815+00:00,
read_sealed_full8,rayon2,5,114,32,895208.6315789474,sealed,2026-10-08T15:31:49.630407+00:00,
read_sealed_full8,rust_lto,5,114,32,940196.6666666666,sealed,2026-10-08T15:31:49.771784+00:00,
read_sealed_full8,rust_native,5,114,32,953337.6403508772,sealed,2026-10-08T15:31:49.914032+00:00,
read_sealed_full16,rayon2,5,58,32,1744499.9827586208,sealed,2026-10-08T15:31:50.074272+00:00,
read_sealed_full16,rust_lto,5,58,32,1810432.9310344828,sealed,2026-10-08T15:31:50.242812+00:00,
read_sealed_full16,rust_native,5,58,32,1848972.8448275863,sealed,2026-10-08T15:31:50.413623+00:00,
read_sealed_full16,rust_pgo,5,58,32,1656486.551724138,sealed,2026-10-08T15:31:50.571193+00:00,
read_sealed_full16,pgo_rayon2,5,58,32,1245045.2241379311,sealed,2026-10-08T15:31:50.693739+00:00,
read_sealed_full16,only_bits,5,58,32,2020990.3448275863,sealed,2026-10-08T15:31:50.877598+00:00,
read_sealed_full16,only_buffers,5,58,32,2158161.1551724137,sealed,2026-10-08T15:31:51.077441+00:00,
read_sealed_full16,only_fused,5,58,32,2363793.1551724137,sealed,2026-10-08T15:31:51.286566+00:00,
read_sealed_full16,only_specialized,5,58,32,2352483.8103448274,sealed,2026-10-08T15:31:51.503884+00:00,
read_sealed_full16,go,5,58,32,5385881.620689655,sealed,2026-10-08T15:31:51.982121+00:00,
read_sealed_full16,rust_previous,5,58,32,2151012.4310344825,sealed,2026-10-08T15:31:52.181187+00:00,
read_sealed_full16,rust_control,5,58,32,3732016.4482758623,sealed,2026-10-08T15:31:52.478426+00:00,
read_sealed_full16,rust_new,5,58,32,1940003.7586206896,sealed,2026-10-08T15:31:52.660763+00:00,
read_filtered_one,go,5,1059,32,409183.35033050046,sealed,2026-10-08T15:31:53.117929+00:00,
read_filtered_one,rust_previous,5,1059,32,122473.95561850803,sealed,2026-10-08T15:31:53.256438+00:00,
read_filtered_one,rust_control,5,1059,32,127471.09159584514,sealed,2026-10-08T15:31:53.400606+00:00,
read_filtered_one,rust_new,5,1059,32,115371.89896128423,sealed,2026-10-08T15:31:53.531022+00:00,
read_filtered_one,rayon2,5,1059,32,119717.03021718602,sealed,2026-10-08T15:31:53.666817+00:00,
read_filtered_one,rust_lto,5,1059,32,115765.72049102928,sealed,2026-10-08T15:31:53.798260+00:00,
read_filtered_one,rust_native,5,1059,32,115190.55335221908,sealed,2026-10-08T15:31:53.927978+00:00,
read_filtered_one,rust_pgo,5,1059,32,91857.64400377715,sealed,2026-10-08T15:31:54.032550+00:00,
read_filtered_one,pgo_rayon2,5,1059,32,96112.91595845137,sealed,2026-10-08T15:31:54.141794+00:00,
stream_sealed_full8,rust_previous,5,130,32,1009507.8692307692,sealed,2026-10-08T15:31:54.308696+00:00,
stream_sealed_full8,rust_control,5,130,32,1058764.576923077,sealed,2026-10-08T15:31:54.497155+00:00,
stream_sealed_full8,rust_new,5,130,32,1018412.0230769231,sealed,2026-10-08T15:31:54.665105+00:00,
stream_sealed_full8,rayon2,5,130,32,1079845.1846153846,sealed,2026-10-08T15:31:54.836756+00:00,
stream_sealed_full8,rust_lto,5,130,32,870528.6076923077,sealed,2026-10-08T15:31:54.984670+00:00,
stream_sealed_full8,rust_native,5,130,32,860950.1076923077,sealed,2026-10-08T15:31:55.130406+00:00,
stream_sealed_full8,rust_pgo,5,130,32,688142.4384615384,sealed,2026-10-08T15:31:55.246389+00:00,
stream_sealed_full8,pgo_rayon2,5,130,32,863460.4846153846,sealed,2026-10-08T15:31:55.400433+00:00,
stream_sealed_full8,go,5,130,32,2917203.9076923076,sealed,2026-10-08T15:31:55.882503+00:00,
read_where,rust_control,5,292,32,452323.2568493151,sealed,2026-10-08T15:31:56.033385+00:00,
read_where,rust_new,5,292,32,436626.48630136985,sealed,2026-10-08T15:31:56.178950+00:00,
read_where,rayon2,5,292,32,429570.98287671234,sealed,2026-10-08T15:31:56.320241+00:00,
read_where,rust_lto,5,292,32,420474.6198630137,sealed,2026-10-08T15:31:56.460875+00:00,
read_where,rust_native,5,292,32,463989.33219178085,sealed,2026-10-08T15:31:56.613810+00:00,
read_where,rust_pgo,5,292,32,400613.83904109587,sealed,2026-10-08T15:31:56.751558+00:00,
read_where,pgo_rayon2,5,292,32,355643.852739726,sealed,2026-10-08T15:31:56.872270+00:00,
read_where,go,5,292,32,1136974.2910958903,sealed,2026-10-08T15:31:57.247400+00:00,
read_where,rust_previous,5,292,32,434851.90753424657,sealed,2026-10-08T15:31:57.392191+00:00,
read_prefix,rust_new,5,804,32,148254.24378109453,sealed,2026-10-08T15:31:57.520592+00:00,
read_prefix,rayon2,5,804,32,156133.27736318408,sealed,2026-10-08T15:31:57.661475+00:00,
read_prefix,rust_lto,5,804,32,157564.08457711444,sealed,2026-10-08T15:31:57.799266+00:00,
read_prefix,rust_native,5,804,32,154795.32835820896,sealed,2026-10-08T15:31:57.933019+00:00,
read_prefix,rust_pgo,5,804,32,117895.93781094527,sealed,2026-10-08T15:31:58.035543+00:00,
read_prefix,pgo_rayon2,5,804,32,116276.67164179105,sealed,2026-10-08T15:31:58.136933+00:00,
read_prefix,go,5,804,32,458644.5447761194,sealed,2026-10-08T15:31:58.536636+00:00,
read_prefix,rust_previous,5,804,32,152235.6567164179,sealed,2026-10-08T15:31:58.668580+00:00,
read_prefix,rust_control,5,804,32,166898.90049751243,sealed,2026-10-08T15:31:58.812268+00:00,
read_noneof,rayon2,5,155,32,716176.2,sealed,2026-10-08T15:31:58.955155+00:00,
read_noneof,rust_lto,5,155,32,793546.2903225806,sealed,2026-10-08T15:31:59.107006+00:00,
read_noneof,rust_native,5,155,32,848804.9032258064,sealed,2026-10-08T15:31:59.269270+00:00,
read_noneof,rust_pgo,5,155,32,715448.864516129,sealed,2026-10-08T15:31:59.408502+00:00,
read_noneof,pgo_rayon2,5,155,32,618788.8451612904,sealed,2026-10-08T15:31:59.524663+00:00,
read_noneof,go,5,155,32,2347127.058064516,sealed,2026-10-08T15:31:59.967658+00:00,
read_noneof,rust_previous,5,155,32,914460.9032258064,sealed,2026-10-08T15:32:00.145148+00:00,
read_noneof,rust_control,5,155,32,925277.2322580646,sealed,2026-10-08T15:32:00.325828+00:00,
read_noneof,rust_new,5,155,32,920588.6774193548,sealed,2026-10-08T15:32:00.502313+00:00,
read_since,rust_lto,5,383,32,311298.54308093997,sealed,2026-10-08T15:32:00.635996+00:00,
read_since,rust_native,5,383,32,305661.2689295039,sealed,2026-10-08T15:32:00.768007+00:00,
read_since,rust_pgo,5,383,32,240395.40992167103,sealed,2026-10-08T15:32:00.872423+00:00,
read_since,pgo_rayon2,5,383,32,305831.3368146214,sealed,2026-10-08T15:32:01.001933+00:00,
read_since,go,5,383,32,807295.0365535248,sealed,2026-10-08T15:32:01.346016+00:00,
read_since,rust_previous,5,383,32,309323.3733681462,sealed,2026-10-08T15:32:01.478083+00:00,
read_since,rust_control,5,383,32,312874.61096605746,sealed,2026-10-08T15:32:01.615089+00:00,
read_since,rust_new,5,383,32,299988.79373368144,sealed,2026-10-08T15:32:01.744739+00:00,
read_since,rayon2,5,383,32,423044.56919060054,sealed,2026-10-08T15:32:01.922216+00:00,
aggregate_count,rust_native,5,622,32,185980.5546623794,sealed,2026-10-08T15:32:02.048707+00:00,
aggregate_count,rust_pgo,5,622,32,131625.73794212218,sealed,2026-10-08T15:32:02.138578+00:00,
aggregate_count,pgo_rayon2,5,622,32,129687.49678456591,sealed,2026-10-08T15:32:02.228547+00:00,
aggregate_count,go,5,622,32,376266.34083601285,sealed,2026-10-08T15:32:02.485529+00:00,
aggregate_count,rust_previous,5,622,32,156643.85852090034,sealed,2026-10-08T15:32:02.591995+00:00,
aggregate_count,rust_control,5,622,32,153223.64951768488,sealed,2026-10-08T15:32:02.696691+00:00,
aggregate_count,rust_new,5,622,32,157438.7508038585,sealed,2026-10-08T15:32:02.804443+00:00,
aggregate_count,rayon2,5,622,32,172025.73311897105,sealed,2026-10-08T15:32:02.922567+00:00,
aggregate_count,rust_lto,5,622,32,165035.52733118972,sealed,2026-10-08T15:32:03.035926+00:00,
aggregate_sum,only_specialized,5,565,32,216622.29734513274,sealed,2026-10-08T15:32:03.168928+00:00,
aggregate_sum,go,5,565,32,403999.8902654867,sealed,2026-10-08T15:32:03.420193+00:00,
aggregate_sum,rust_previous,5,565,32,190497.82477876107,sealed,2026-10-08T15:32:03.538903+00:00,
aggregate_sum,rust_control,5,565,32,187370.02654867255,sealed,2026-10-08T15:32:03.655404+00:00,
aggregate_sum,rust_new,5,565,32,201359.3238938053,sealed,2026-10-08T15:32:03.781503+00:00,
aggregate_sum,rayon2,5,565,32,188138.89911504425,sealed,2026-10-08T15:32:03.902106+00:00,
aggregate_sum,rust_lto,5,565,32,167633.49203539823,sealed,2026-10-08T15:32:04.007302+00:00,
aggregate_sum,rust_native,5,565,32,177788.33451327434,sealed,2026-10-08T15:32:04.117812+00:00,
aggregate_sum,rust_pgo,5,565,32,168853.51858407079,sealed,2026-10-08T15:32:04.222431+00:00,
aggregate_sum,pgo_rayon2,5,565,32,145755.81238938053,sealed,2026-10-08T15:32:04.314073+00:00,
aggregate_sum,only_bits,5,565,32,217190.6761061947,sealed,2026-10-08T15:32:04.447439+00:00,
aggregate_sum,only_buffers,5,565,32,214703.30619469026,sealed,2026-10-08T15:32:04.580210+00:00,
aggregate_sum,only_fused,5,565,32,200746.29911504424,sealed,2026-10-08T15:32:04.704973+00:00,
aggregate_avg,pgo_rayon2,5,573,32,172223.85514834206,sealed,2026-10-08T15:32:04.814600+00:00,
aggregate_avg,go,5,573,32,403566.19720767887,sealed,2026-10-08T15:32:05.069689+00:00,
aggregate_avg,rust_previous,5,573,32,199226.8935427574,sealed,2026-10-08T15:32:05.194211+00:00,
aggregate_avg,rust_control,5,573,32,201836.69458987785,sealed,2026-10-08T15:32:05.320541+00:00,
aggregate_avg,rust_new,5,573,32,187849.06806282722,sealed,2026-10-08T15:32:05.438160+00:00,
aggregate_avg,rayon2,5,573,32,225219.68062827224,sealed,2026-10-08T15:32:05.581660+00:00,
aggregate_avg,rust_lto,5,573,32,216794.1902268761,sealed,2026-10-08T15:32:05.716851+00:00,
aggregate_avg,rust_native,5,573,32,192124.86387434555,sealed,2026-10-08T15:32:05.837854+00:00,
aggregate_avg,rust_pgo,5,573,32,156259.1064572426,sealed,2026-10-08T15:32:05.937780+00:00,
aggregate_min,go,5,701,32,489149.9643366619,sealed,2026-10-08T15:32:06.307976+00:00,
aggregate_min,rust_previous,5,701,32,171538.77175463623,sealed,2026-10-08T15:32:06.438268+00:00,
aggregate_min,rust_control,5,701,32,191399.74750356632,sealed,2026-10-08T15:32:06.584312+00:00,
aggregate_min,rust_new,5,701,32,171143.8787446505,sealed,2026-10-08T15:32:06.717853+00:00,
aggregate_min,rayon2,5,701,32,186522.02282453637,sealed,2026-10-08T15:32:06.864917+00:00,
aggregate_min,rust_lto,5,701,32,202835.85306704708,sealed,2026-10-08T15:32:07.019137+00:00,
aggregate_min,rust_native,5,701,32,182058.20399429387,sealed,2026-10-08T15:32:07.158270+00:00,
aggregate_min,rust_pgo,5,701,32,156812.8416547789,sealed,2026-10-08T15:32:07.278180+00:00,
aggregate_min,pgo_rayon2,5,701,32,154611.87589158345,sealed,2026-10-08T15:32:07.400565+00:00,
aggregate_max,rust_previous,5,845,32,261882.85325443788,sealed,2026-10-08T15:32:07.639123+00:00,
aggregate_max,rust_control,5,845,32,172919.9775147929,sealed,2026-10-08T15:32:07.796609+00:00,
aggregate_max,rust_new,5,845,32,168348.31597633136,sealed,2026-10-08T15:32:07.949223+00:00,
aggregate_max,rayon2,5,845,32,185340.63786982247,sealed,2026-10-08T15:32:08.120402+00:00,
aggregate_max,rust_lto,5,845,32,165988.44615384616,sealed,2026-10-08T15:32:08.271583+00:00,
aggregate_max,rust_native,5,845,32,172449.97633136096,sealed,2026-10-08T15:32:08.427673+00:00,
aggregate_max,rust_pgo,5,845,32,138764.2224852071,sealed,2026-10-08T15:32:08.560262+00:00,
aggregate_max,pgo_rayon2,5,845,32,140086.87573964498,sealed,2026-10-08T15:32:08.692377+00:00,
aggregate_max,go,5,845,32,468679.8272189349,sealed,2026-10-08T15:32:09.112666+00:00,
aggregate_delta,rust_control,5,720,32,166613.83194444445,sealed,2026-10-08T15:32:09.242746+00:00,
aggregate_delta,rust_new,5,720,32,172394.88194444444,sealed,2026-10-08T15:32:09.376078+00:00,
aggregate_delta,rayon2,5,720,32,181121.69444444444,sealed,2026-10-08T15:32:09.516090+00:00,
aggregate_delta,rust_lto,5,720,32,160143.09722222222,sealed,2026-10-08T15:32:09.641603+00:00,
aggregate_delta,rust_native,5,720,32,160758.10694444444,sealed,2026-10-08T15:32:09.766934+00:00,
aggregate_delta,rust_pgo,5,720,32,149326.42777777778,sealed,2026-10-08T15:32:09.883586+00:00,
aggregate_delta,pgo_rayon2,5,720,32,173699.90416666667,sealed,2026-10-08T15:32:10.024884+00:00,
aggregate_delta,go,5,720,32,429704.83472222224,sealed,2026-10-08T15:32:10.367186+00:00,
aggregate_delta,rust_previous,5,720,32,206231.475,sealed,2026-10-08T15:32:10.526903+00:00,
aggregate_increase,rust_new,5,544,32,341871.48345588235,sealed,2026-10-08T15:32:10.725684+00:00,
aggregate_increase,rayon2,5,544,32,280090.7738970588,sealed,2026-10-08T15:32:10.893846+00:00,
aggregate_increase,rust_lto,5,544,32,325150.1011029412,sealed,2026-10-08T15:32:11.094529+00:00,
aggregate_increase,rust_native,5,544,32,215928.17095588235,sealed,2026-10-08T15:32:11.226524+00:00,
aggregate_increase,rust_pgo,5,544,32,171366.9963235294,sealed,2026-10-08T15:32:11.329329+00:00,
aggregate_increase,pgo_rayon2,5,544,32,170084.34375,sealed,2026-10-08T15:32:11.431634+00:00,
aggregate_increase,go,5,544,32,498414.41544117645,sealed,2026-10-08T15:32:11.727128+00:00,
aggregate_increase,rust_previous,5,544,32,213551.11580882352,sealed,2026-10-08T15:32:11.854488+00:00,
aggregate_increase,rust_control,5,544,32,221739.66911764705,sealed,2026-10-08T15:32:11.986480+00:00,
aggregate_rate,rayon2,5,560,32,225893.51071428572,sealed,2026-10-08T15:32:12.124554+00:00,
aggregate_rate,rust_lto,5,560,32,204117.5910714286,sealed,2026-10-08T15:32:12.249842+00:00,
aggregate_rate,rust_native,5,560,32,192759.50892857142,sealed,2026-10-08T15:32:12.368812+00:00,
aggregate_rate,rust_pgo,5,560,32,193209.53214285715,sealed,2026-10-08T15:32:12.487017+00:00,
aggregate_rate,pgo_rayon2,5,560,32,171132.83214285714,sealed,2026-10-08T15:32:12.593707+00:00,
aggregate_rate,go,5,560,32,500458.1375,sealed,2026-10-08T15:32:12.898757+00:00,
aggregate_rate,rust_previous,5,560,32,244834.99464285714,sealed,2026-10-08T15:32:13.051336+00:00,
aggregate_rate,rust_control,5,560,32,247144.76428571428,sealed,2026-10-08T15:32:13.202696+00:00,
aggregate_rate,rust_new,5,560,32,252614.50714285715,sealed,2026-10-08T15:32:13.357085+00:00,
aggregate_cut_sum,rust_native,5,140,32,693799.7714285714,sealed,2026-10-08T15:32:13.484518+00:00,
aggregate_cut_sum,rust_pgo,5,140,32,613090.7357142858,sealed,2026-10-08T15:32:13.598679+00:00,
aggregate_cut_sum,pgo_rayon2,5,140,32,645190.0571428571,sealed,2026-10-08T15:32:13.710207+00:00,
aggregate_cut_sum,only_bits,5,140,32,839029.95,sealed,2026-10-08T15:32:13.860582+00:00,
aggregate_cut_sum,only_buffers,5,140,32,862103.4357142857,sealed,2026-10-08T15:32:14.013185+00:00,
aggregate_cut_sum,only_fused,5,140,32,1028856.4357142857,sealed,2026-10-08T15:32:14.195723+00:00,
aggregate_cut_sum,only_specialized,5,140,32,892147.1,sealed,2026-10-08T15:32:14.350394+00:00,
aggregate_cut_sum,go,5,140,32,2869953.8571428573,sealed,2026-10-08T15:32:14.836986+00:00,
aggregate_cut_sum,rust_previous,5,140,32,897557.9357142857,sealed,2026-10-08T15:32:14.995147+00:00,
aggregate_cut_sum,rust_control,5,140,32,847079.45,sealed,2026-10-08T15:32:15.147428+00:00,
aggregate_cut_sum,rust_new,5,140,32,721018.6214285714,sealed,2026-10-08T15:32:15.276061+00:00,
aggregate_cut_sum,rayon2,5,140,32,765541.7428571428,sealed,2026-10-08T15:32:15.413122+00:00,
aggregate_cut_sum,rust_lto,5,140,32,833890.5142857142,sealed,2026-10-08T15:32:15.556685+00:00,
aggregate_cut_avg,rust_native,5,131,32,1023292.9160305343,sealed,2026-10-08T15:32:15.720613+00:00,
aggregate_cut_avg,rust_pgo,5,131,32,520054.893129771,sealed,2026-10-08T15:32:15.811811+00:00,
aggregate_cut_avg,pgo_rayon2,5,131,32,640148.4045801527,sealed,2026-10-08T15:32:15.918615+00:00,
aggregate_cut_avg,go,5,131,32,2477731.763358779,sealed,2026-10-08T15:32:16.326879+00:00,
aggregate_cut_avg,rust_previous,5,131,32,923171.7404580152,sealed,2026-10-08T15:32:16.479750+00:00,
aggregate_cut_avg,rust_control,5,131,32,985948.145038168,sealed,2026-10-08T15:32:16.642746+00:00,
aggregate_cut_avg,rust_new,5,131,32,869086.0687022901,sealed,2026-10-08T15:32:16.787027+00:00,
aggregate_cut_avg,rayon2,5,131,32,650479.427480916,sealed,2026-10-08T15:32:16.900862+00:00,
aggregate_cut_avg,rust_lto,5,131,32,758567.0534351146,sealed,2026-10-08T15:32:17.032227+00:00,
aggregate_grouped_sum,rust_pgo,5,669,32,167121.3976083707,sealed,2026-10-08T15:32:17.155359+00:00,
aggregate_grouped_sum,pgo_rayon2,5,669,32,139326.00448430493,sealed,2026-10-08T15:32:17.258784+00:00,
aggregate_grouped_sum,go,5,669,32,448218.89686098654,sealed,2026-10-08T15:32:17.584390+00:00,
aggregate_grouped_sum,rust_previous,5,669,32,190964.88490284007,sealed,2026-10-08T15:32:17.722680+00:00,
aggregate_grouped_sum,rust_control,5,669,32,202646.14648729446,sealed,2026-10-08T15:32:17.871408+00:00,
aggregate_grouped_sum,rust_new,5,669,32,180015.8908819133,sealed,2026-10-08T15:32:18.001952+00:00,
aggregate_grouped_sum,rayon2,5,669,32,188972.2346786248,sealed,2026-10-08T15:32:18.138886+00:00,
aggregate_grouped_sum,rust_lto,5,669,32,206543.8759342302,sealed,2026-10-08T15:32:18.288560+00:00,
aggregate_grouped_sum,rust_native,5,669,32,185020.91031390135,sealed,2026-10-08T15:32:18.422986+00:00,
aggregate_grouped_increase,pgo_rayon2,5,515,32,168100.67378640777,sealed,2026-10-08T15:32:18.524307+00:00,
aggregate_grouped_increase,go,5,515,32,539026.5262135923,sealed,2026-10-08T15:32:18.829922+00:00,
aggregate_grouped_increase,rust_previous,5,515,32,238556.39417475727,sealed,2026-10-08T15:32:18.965906+00:00,
aggregate_grouped_increase,rust_control,5,515,32,241994.08737864078,sealed,2026-10-08T15:32:19.105023+00:00,
aggregate_grouped_increase,rust_new,5,515,32,222491.7572815534,sealed,2026-10-08T15:32:19.231768+00:00,
aggregate_grouped_increase,rayon2,5,515,32,220110.013592233,sealed,2026-10-08T15:32:19.357124+00:00,
aggregate_grouped_increase,rust_lto,5,515,32,213268.96310679612,sealed,2026-10-08T15:32:19.478822+00:00,
aggregate_grouped_increase,rust_native,5,515,32,197242.31650485436,sealed,2026-10-08T15:32:19.590370+00:00,
aggregate_grouped_increase,rust_pgo,5,515,32,169847.71844660194,sealed,2026-10-08T15:32:19.688314+00:00,
read_wide64,only_buffers,5,41,32,3235570.1463414636,wide,2026-10-08T15:32:19.933996+00:00,
read_wide64,only_fused,5,41,32,3488325.1219512196,wide,2026-10-08T15:32:20.210205+00:00,
read_wide64,only_specialized,5,41,32,3067374.6829268294,wide,2026-10-08T15:32:20.438466+00:00,
read_wide64,go,5,41,32,7677839.195121951,wide,2026-10-08T15:32:20.990039+00:00,
read_wide64,rust_previous,5,41,32,2969819.8780487804,wide,2026-10-08T15:32:21.217924+00:00,
read_wide64,rust_control,5,41,32,2890180.3902439023,wide,2026-10-08T15:32:21.438685+00:00,
read_wide64,rust_new,5,41,32,2643520.43902439,wide,2026-10-08T15:32:21.644034+00:00,
read_wide64,rayon2,5,41,32,2666747.6585365855,wide,2026-10-08T15:32:21.832894+00:00,
read_wide64,rust_lto,5,41,32,2806379.3414634145,wide,2026-10-08T15:32:22.031976+00:00,
read_wide64,rust_native,5,41,32,2910424.7804878047,wide,2026-10-08T15:32:22.249883+00:00,
read_wide64,rust_pgo,5,41,32,2324929.2439024393,wide,2026-10-08T15:32:22.427669+00:00,
read_wide64,pgo_rayon2,5,41,32,2103923.1951219514,wide,2026-10-08T15:32:22.584654+00:00,
read_wide64,only_bits,5,41,32,2920376.0975609757,wide,2026-10-08T15:32:22.790074+00:00,
stream_wide64,rust_previous,5,54,32,2787830.1481481483,wide,2026-10-08T15:32:23.042855+00:00,
stream_wide64,rust_control,5,54,32,2528518.0555555555,wide,2026-10-08T15:32:23.264734+00:00,
stream_wide64,rust_new,5,54,32,2307475.462962963,wide,2026-10-08T15:32:23.470688+00:00,
stream_wide64,rayon2,5,54,32,2365657.4444444445,wide,2026-10-08T15:32:23.688308+00:00,
stream_wide64,rust_lto,5,54,32,2258115.8518518517,wide,2026-10-08T15:32:23.889122+00:00,
stream_wide64,rust_native,5,54,32,2269313.111111111,wide,2026-10-08T15:32:24.087835+00:00,
stream_wide64,rust_pgo,5,54,32,1713374.2407407407,wide,2026-10-08T15:32:24.238819+00:00,
stream_wide64,pgo_rayon2,5,54,32,2059756.537037037,wide,2026-10-08T15:32:24.425613+00:00,
stream_wide64,go,5,54,32,6277627.703703703,wide,2026-10-08T15:32:25.021912+00:00,
aggregate_wide_sum,rust_control,5,183,32,684077.4535519126,wide,2026-10-08T15:32:25.173369+00:00,
aggregate_wide_sum,rust_new,5,183,32,666781.2021857924,wide,2026-10-08T15:32:25.322086+00:00,
aggregate_wide_sum,rayon2,5,183,32,720742.3005464481,wide,2026-10-08T15:32:25.480737+00:00,
aggregate_wide_sum,rust_lto,5,183,32,625465.4262295082,wide,2026-10-08T15:32:25.620384+00:00,
aggregate_wide_sum,rust_native,5,183,32,659086.4371584699,wide,2026-10-08T15:32:25.764980+00:00,
aggregate_wide_sum,rust_pgo,5,183,32,537615.8142076503,wide,2026-10-08T15:32:25.885272+00:00,
aggregate_wide_sum,pgo_rayon2,5,183,32,544230.0928961749,wide,2026-10-08T15:32:26.007701+00:00,
aggregate_wide_sum,go,5,183,32,1272896.3989071038,wide,2026-10-08T15:32:26.289709+00:00,
aggregate_wide_sum,rust_previous,5,183,32,674791.1803278689,wide,2026-10-08T15:32:26.440892+00:00,
aggregate_wide_cut_sum,go,5,58,32,4976944.655172414,wide,2026-10-08T15:32:26.910588+00:00,
aggregate_wide_cut_sum,rust_previous,5,58,32,2138910.5344827585,wide,2026-10-08T15:32:27.107102+00:00,
aggregate_wide_cut_sum,rust_control,5,58,32,2146261.9482758623,wide,2026-10-08T15:32:27.304434+00:00,
aggregate_wide_cut_sum,rust_new,5,58,32,1818870.5172413792,wide,2026-10-08T15:32:27.474153+00:00,
aggregate_wide_cut_sum,rayon2,5,58,32,1680594.0862068965,wide,2026-10-08T15:32:27.631344+00:00,
aggregate_wide_cut_sum,rust_lto,5,58,32,1779235.051724138,wide,2026-10-08T15:32:27.793218+00:00,
aggregate_wide_cut_sum,rust_native,5,58,32,1678800.4655172413,wide,2026-10-08T15:32:27.947881+00:00,
aggregate_wide_cut_sum,rust_pgo,5,58,32,1396480.051724138,wide,2026-10-08T15:32:28.078291+00:00,
aggregate_wide_cut_sum,pgo_rayon2,5,58,32,1675345.0344827587,wide,2026-10-08T15:32:28.239870+00:00,
aggregate_wide_cut_sum,only_bits,5,58,32,2021174.551724138,wide,2026-10-08T15:32:28.427193+00:00,
aggregate_wide_cut_sum,only_buffers,5,58,32,2185394.9310344825,wide,2026-10-08T15:32:28.627987+00:00,
aggregate_wide_cut_sum,only_fused,5,58,32,2145203.6551724137,wide,2026-10-08T15:32:28.825612+00:00,
aggregate_wide_cut_sum,only_specialized,5,58,32,2042465.4137931035,wide,2026-10-08T15:32:29.016821+00:00,
aggregate_wide_cut_avg,rayon2,5,52,32,2118349.2884615385,wide,2026-10-08T15:32:29.191672+00:00,
aggregate_wide_cut_avg,rust_lto,5,52,32,1724127.7307692308,wide,2026-10-08T15:32:29.341987+00:00,
aggregate_wide_cut_avg,rust_native,5,52,32,1719772.5961538462,wide,2026-10-08T15:32:29.490314+00:00,
aggregate_wide_cut_avg,rust_pgo,5,52,32,1400461.0576923077,wide,2026-10-08T15:32:29.613307+00:00,
aggregate_wide_cut_avg,pgo_rayon2,5,52,32,1613620.2307692308,wide,2026-10-08T15:32:29.752176+00:00,
aggregate_wide_cut_avg,go,5,52,32,5673035.865384615,wide,2026-10-08T15:32:30.223819+00:00,
aggregate_wide_cut_avg,rust_previous,5,52,32,2107622.269230769,wide,2026-10-08T15:32:30.422228+00:00,
aggregate_wide_cut_avg,rust_control,5,52,32,2137532.3076923075,wide,2026-10-08T15:32:30.610429+00:00,
aggregate_wide_cut_avg,rust_new,5,52,32,1833487.0961538462,wide,2026-10-08T15:32:30.790323+00:00,
aggregate_wide_cut_count,rust_lto,5,55,32,1425066.2363636363,wide,2026-10-08T15:32:30.917274+00:00,
aggregate_wide_cut_count,rust_native,5,55,32,1411637.4181818182,wide,2026-10-08T15:32:31.050601+00:00,
aggregate_wide_cut_count,rust_pgo,5,55,32,1166100.981818182,wide,2026-10-08T15:32:31.159314+00:00,
aggregate_wide_cut_count,pgo_rayon2,5,55,32,1438082.1454545455,wide,2026-10-08T15:32:31.304753+00:00,
aggregate_wide_cut_count,go,5,55,32,4197402.654545454,wide,2026-10-08T15:32:31.691710+00:00,
aggregate_wide_cut_count,rust_previous,5,55,32,2001481.2363636363,wide,2026-10-08T15:32:31.866413+00:00,
aggregate_wide_cut_count,rust_control,5,55,32,1884820.3818181818,wide,2026-10-08T15:32:32.033687+00:00,
aggregate_wide_cut_count,rust_new,5,55,32,1527861.2727272727,wide,2026-10-08T15:32:32.172479+00:00,
aggregate_wide_cut_count,rayon2,5,55,32,1809296.509090909,wide,2026-10-08T15:32:32.327253+00:00,
aggregate_wide_grouped_cut_sum,rust_new,5,54,32,1649847.6666666667,wide,2026-10-08T15:32:32.474563+00:00,
aggregate_wide_grouped_cut_sum,rayon2,5,54,32,1826715.5740740742,wide,2026-10-08T15:32:32.640189+00:00,
aggregate_wide_grouped_cut_sum,rust_lto,5,54,32,1620204.1296296297,wide,2026-10-08T15:32:32.784154+00:00,
aggregate_wide_grouped_cut_sum,rust_native,5,54,32,1712476.7407407407,wide,2026-10-08T15:32:32.932207+00:00,
aggregate_wide_grouped_cut_sum,rust_pgo,5,54,32,1281365.9444444445,wide,2026-10-08T15:32:33.053701+00:00,
aggregate_wide_grouped_cut_sum,pgo_rayon2,5,54,32,1368067.5185185184,wide,2026-10-08T15:32:33.188614+00:00,
aggregate_wide_grouped_cut_sum,only_bits,5,54,32,1805771.2222222222,wide,2026-10-08T15:32:33.349062+00:00,
aggregate_wide_grouped_cut_sum,only_buffers,5,54,32,1961962.9259259258,wide,2026-10-08T15:32:33.521310+00:00,
aggregate_wide_grouped_cut_sum,only_fused,5,54,32,1967545.2962962964,wide,2026-10-08T15:32:33.694033+00:00,
aggregate_wide_grouped_cut_sum,only_specialized,5,54,32,1776630.8333333333,wide,2026-10-08T15:32:33.850723+00:00,
aggregate_wide_grouped_cut_sum,go,5,54,32,5486853.703703703,wide,2026-10-08T15:32:34.344127+00:00,
aggregate_wide_grouped_cut_sum,rust_previous,5,54,32,2018541.0,wide,2026-10-08T15:32:34.524015+00:00,
aggregate_wide_grouped_cut_sum,rust_control,5,54,32,2159237.185185185,wide,2026-10-08T15:32:34.713060+00:00,
read_edge,rust_pgo,5,412,32,164209.68689320388,edge,2026-10-08T15:32:34.790671+00:00,
read_edge,pgo_rayon2,5,412,32,214527.9441747573,edge,2026-10-08T15:32:34.891074+00:00,
read_edge,go,5,412,32,607908.6480582524,edge,2026-10-08T15:32:35.168913+00:00,
read_edge,rust_previous,5,412,32,246068.41262135922,edge,2026-10-08T15:32:35.284822+00:00,
read_edge,rust_control,5,412,32,233109.41262135922,edge,2026-10-08T15:32:35.393634+00:00,
read_edge,rust_new,5,412,32,192758.5509708738,edge,2026-10-08T15:32:35.484744+00:00,
read_edge,rayon2,5,412,32,245575.59466019418,edge,2026-10-08T15:32:35.598764+00:00,
read_edge,rust_lto,5,412,32,175832.29126213593,edge,2026-10-08T15:32:35.686528+00:00,
read_edge,rust_native,5,412,32,166665.09708737864,edge,2026-10-08T15:32:35.764426+00:00,
aggregate_edge_sum_3,pgo_rayon2,5,8234,32,14454.715205246539,edge,2026-10-08T15:32:35.888691+00:00,
aggregate_edge_sum_3,go,5,8234,32,49256.78807384017,edge,2026-10-08T15:32:36.303384+00:00,
aggregate_edge_sum_3,rust_previous,5,8234,32,14845.77653631285,edge,2026-10-08T15:32:36.430026+00:00,
aggregate_edge_sum_3,rust_control,5,8234,32,15343.403327665776,edge,2026-10-08T15:32:36.560794+00:00,
aggregate_edge_sum_3,rust_new,5,8234,32,14603.883288802526,edge,2026-10-08T15:32:36.685580+00:00,
aggregate_edge_sum_3,rayon2,5,8234,32,18505.019188729657,edge,2026-10-08T15:32:36.842975+00:00,
aggregate_edge_sum_3,rust_lto,5,8234,32,15536.069225163954,edge,2026-10-08T15:32:36.976082+00:00,
aggregate_edge_sum_3,rust_native,5,8234,32,15801.9438911829,edge,2026-10-08T15:32:37.110850+00:00,
aggregate_edge_sum_3,rust_pgo,5,8234,32,13550.282244352684,edge,2026-10-08T15:32:37.227022+00:00,
aggregate_edge_increase_10,go,5,8005,32,56275.03760149906,edge,2026-10-08T15:32:37.686533+00:00,
aggregate_edge_increase_10,rust_previous,5,8005,32,18151.527170518428,edge,2026-10-08T15:32:37.836633+00:00,
aggregate_edge_increase_10,rust_control,5,8005,32,16277.189256714553,edge,2026-10-08T15:32:37.971636+00:00,
aggregate_edge_increase_10,rust_new,5,8005,32,16412.641973766396,edge,2026-10-08T15:32:38.107753+00:00,
aggregate_edge_increase_10,rayon2,5,8005,32,15676.334166146158,edge,2026-10-08T15:32:38.239529+00:00,
aggregate_edge_increase_10,rust_lto,5,8005,32,17777.620362273577,edge,2026-10-08T15:32:38.386901+00:00,
aggregate_edge_increase_10,rust_native,5,8005,32,16733.44209868832,edge,2026-10-08T15:32:38.525561+00:00,
aggregate_edge_increase_10,rust_pgo,5,8005,32,22198.317926296066,edge,2026-10-08T15:32:38.707724+00:00,
aggregate_edge_increase_10,pgo_rayon2,5,8005,32,14504.363272954404,edge,2026-10-08T15:32:38.829564+00:00,
